DateTime,Container_calls,Dry_Bulk_calls,General_Cargo_calls,Roll-on/roll-off_calls,Tanker_calls,Container_volume,Dry_Bulk_volume,General_Cargo_volume,Roll-on/roll-off_volume,Tanker_volume,vol_per_call_7d
2019-01-01,8,11,2,3,42,191610,326461,10255,2898,2495676,
2019-01-02,13,10,0,2,45,547743,487020,0,2013,1680733,
2019-01-03,11,10,4,0,54,428426,360563,12144,0,2922246,
2019-01-04,12,14,2,1,42,573967,438669,22708,8512,1559196,
2019-01-05,15,13,3,1,41,557629,659561,2521,0,2151691,
2019-01-06,7,15,1,2,40,129019,490939,1799,7826,2487646,
2019-01-07,10,8,4,1,60,343721,226869,14350,2281,2479232,48692.654320987655
2019-01-08,8,10,8,1,42,363172,382677,58634,0,1089847,44353.67592592593
2019-01-09,7,6,4,1,26,271559,281960,9307,0,1885463,47787.93770491803
2019-01-10,10,8,6,2,43,286487,189300,25189,12097,807159,42381.748299319726
2019-01-11,8,9,4,1,49,315331,220227,4757,6926,1015141,39588.634551495015
2019-01-12,8,10,6,0,42,235034,214084,31290,0,795232,34965.96026490066
2019-01-13,7,12,2,1,28,374576,415932,5407,0,1585647,33302.48620689655
2019-01-14,8,6,4,5,43,460797,122220,17756,4518,3009894,37320.08424908425
2019-01-15,12,10,4,4,32,552642,113578,27156,13915,1447540,40099.14828897338
2019-01-16,10,19,6,1,37,477913,583847,19872,0,2347453,40175.42335766424
2019-01-17,11,13,4,0,37,353541,517151,10013,0,2146416,46072.100746268654
2019-01-18,11,7,1,0,38,393980,269350,4546,0,2116818,52330.7392996109
2019-01-19,9,11,4,2,41,313474,149061,15137,0,1566967,55549.74609375
2019-01-20,11,14,5,2,50,379462,623089,35572,3476,1627617,51304.69424460432
2019-01-21,7,11,6,2,41,281689,370999,59561,8883,357934,42067.916666666664
2019-01-22,8,8,2,3,43,267049,378121,9020,6352,2228951,43178.243902439026
2019-01-23,5,6,0,0,38,265863,44838,0,0,2002254,41829.711805555555
2019-01-24,6,9,1,0,35,123371,223192,17519,0,2050334,41786.27622377622
2019-01-25,11,9,4,0,30,435737,253029,34051,0,1493370,40746.140287769784
2019-01-26,10,12,3,0,47,409224,337253,9592,0,1890765,41025.44014084507
2019-01-27,10,12,2,0,44,327753,617858,32752,0,2508779,45080.52877697842
2019-01-28,11,12,3,3,35,288592,369533,23678,9034,1126002,48898.731617647056
2019-01-29,11,7,4,0,38,446134,375494,11055,0,2361125,50309.47191011236
2019-01-30,7,14,4,2,44,198816,552539,11766,4234,1531906,47480.882783882786
2019-01-31,6,9,5,1,32,293004,368901,20187,2013,1806392,47104.95925925926
2019-02-01,8,8,3,0,39,282772,233110,16277,0,1851368,46868.591397849465
2019-02-02,10,3,4,1,40,357447,126345,16182,2013,2494766,50295.36029411765
2019-02-03,6,9,6,2,42,249022,205446,54444,0,1686854,47623.751851851855
2019-02-04,7,14,2,1,38,336169,370599,8381,0,1010318,46676.663003663
2019-02-05,9,18,1,3,35,384026,251039,0,7281,634799,40801.49259259259
2019-02-06,8,12,2,0,36,297577,373934,17196,0,1085360,40342.96564885496
2019-02-07,8,17,1,5,39,244359,431909,4180,4219,1825098,39362.687732342005
2019-02-08,9,11,2,2,45,302333,278857,3152,0,989152,35368.534545454546
2019-02-09,6,10,4,0,50,217217,359963,37973,0,1709525,31372.301754385964
2019-02-10,8,12,6,0,45,375324,527123,57873,0,2500360,33870.180555555555
2019-02-11,7,9,1,2,30,393358,458930,0,0,1211492,35556.37857142857
2019-02-12,11,9,3,3,36,396885,406913,7862,8901,679577,35589.195729537365
2019-02-13,3,13,2,1,40,158819,428082,10900,0,949458,34612.84912280702
2019-02-14,9,13,6,2,44,457266,416099,3740,341,1022426,31248.241379310344
2019-02-15,10,16,5,2,40,375536,456946,18448,341,1830094,34747.1298245614
2019-02-16,11,14,2,0,47,500271,542967,6856,0,1968781,36036.12765957447
2019-02-17,4,9,2,0,34,270852,340247,4178,0,973603,31865.059040590408
2019-02-18,13,17,4,1,47,392158,363023,14049,3877,1414823,30690.145833333332
2019-02-19,8,10,7,2,38,328697,416404,27796,6764,977417,31505.524137931036
2019-02-20,10,15,5,0,46,208880,370882,16227,0,760090,30227.141891891893
2019-02-21,9,18,1,3,53,236942,360272,2720,6324,931179,29036.02295081967
2019-02-22,16,15,1,3,51,377270,521817,0,3736,1929967,28341.32911392405
2019-02-23,12,10,6,1,56,594397,479144,4919,5803,2383118,28831.375384615385
2019-02-24,13,14,3,3,45,591626,350721,39677,10575,1466085,29353.21130952381
2019-02-25,10,9,2,0,34,441722,274243,5759,0,1416791,30540.702786377708
2019-02-26,12,10,3,1,33,453473,439146,18801,3679,892455,30753.72641509434
2019-02-27,1,16,0,1,30,78576,695207,0,0,780024,32449.06953642384
2019-02-28,7,14,1,4,38,306150,225223,5265,6910,1417121,35838.19163763066
2019-03-01,8,10,3,3,55,339615,288112,12210,0,2744314,38144.01374570447
2019-03-02,13,14,3,1,40,358677,717664,8530,0,1013580,35383.163636363635
2019-03-03,7,14,1,3,48,305706,508015,4406,3496,1059240,33537.859712230216
2019-03-04,7,9,3,1,36,295692,199645,25445,2901,610519,30418.760714285716
2019-03-05,14,12,3,2,47,620848,421074,7334,0,1912592,32440.102040816328
2019-03-06,11,14,7,1,57,411827,661801,14847,0,1431073,31739.68535825545
2019-03-07,4,10,3,1,35,116283,356514,16790,0,1042593,30861.35534591195
2019-03-08,5,17,3,1,51,197968,604930,8721,3732,2380754,30096.65923566879
2019-03-09,15,10,3,1,61,886899,283269,22919,0,2364771,32243.40895522388
2019-03-10,7,7,1,2,39,439319,261993,1501,7573,776267,32265.5490797546
2019-03-11,8,11,1,1,26,242532,248768,31146,4322,516214,32988.17721518988
2019-03-12,9,7,0,2,39,328633,230937,0,3182,3360945,38547.457792207795
2019-03-13,12,15,3,1,47,274753,501198,15554,0,2385427,43043.526845637585
2019-03-14,10,9,4,3,38,373175,222404,11117,3242,1854419,45311.617940199336
2019-03-15,6,11,3,4,39,239500,401899,4018,0,2533719,47722.35986159169
2019-03-16,9,12,1,1,37,356008,298690,19909,0,1504703,48798.84528301887
2019-03-17,12,12,3,2,50,604749,422671,12120,7573,1408745,49145.55072463768
2019-03-18,6,2,1,1,34,134114,70432,4406,2884,1241617,50315.40492957747
2019-03-19,12,10,2,2,39,486753,203478,9988,0,1273998,42967.0
2019-03-20,11,11,3,2,45,408014,209356,550,4602,1511595,40173.035460992905
2019-03-21,5,13,3,1,39,127072,281689,66027,3267,1583965,39075.413427561834
2019-03-22,8,14,1,1,37,265488,506447,152,0,1533779,35795.02491103203
2019-03-23,12,14,2,2,38,509366,415541,4118,0,2250838,38313.9609929078
2019-03-24,9,11,7,1,36,240386,215418,23478,3332,641687,37453.27985074627
2019-03-25,12,9,5,0,27,583064,365245,41411,0,620773,36079.06130268199
2019-03-26,9,13,1,2,38,378306,371319,0,0,949423,34969.46153846154
2019-03-27,11,6,4,4,42,434390,112006,17249,9022,860056,32842.494163424126
2019-03-28,6,7,2,1,33,221955,195082,23365,0,2131023,35807.08764940239
2019-03-29,13,19,6,2,40,640711,498708,14117,0,2165428,37870.97637795276
2019-03-30,12,11,3,0,55,448897,264507,22166,0,1876682,34114.656826568265
2019-03-31,5,10,4,3,38,166312,283412,25146,0,2000944,38843.69597069597
2019-04-01,13,14,1,1,49,596990,408659,17458,0,1337594,38376.779661016946
2019-04-02,9,12,4,2,31,295859,268716,31051,4157,1174054,40089.51736111111
2019-04-03,10,14,3,3,35,347637,258777,4000,2043,1699083,44074.04982206406
2019-04-04,2,9,1,2,23,98951,270253,20862,8236,306163,38966.59778597786
2019-04-05,9,18,2,2,47,220592,619849,8578,4684,2191199,38078.125899280574
2019-04-06,11,16,3,2,50,486460,479273,11116,7746,1626493,37859.08424908425
2019-04-07,11,9,2,1,47,434792,400295,12971,5159,1854930,36133.035460992905
2019-04-08,17,11,6,1,47,635446,245171,58881,5449,1671463,37583.517857142855
2019-04-09,7,10,4,4,58,353848,228908,17584,4340,2549512,38758.44625407166
2019-04-10,10,13,3,0,39,358549,505239,33111,0,2048066,39382.07717041801
2019-04-11,10,8,3,0,47,370168,228219,35170,0,2365827,42708.92537313433
2019-04-12,4,11,4,1,40,172073,442456,27634,3136,1103373,40303.85365853659
2019-04-13,12,11,3,3,44,485210,313813,9775,8171,1197040,39721.15217391304
2019-04-14,7,11,1,1,27,250417,238938,15240,0,1012999,39563.84105960265
2019-04-15,8,24,4,4,49,288816,1093914,19259,8171,1582141,39009.73026315789
2019-04-16,16,14,6,2,43,645006,575214,22222,9542,2001985,39139.899653979235
2019-04-17,10,22,6,3,48,262916,989915,24390,7538,3554368,43012.526845637585
2019-04-18,8,15,1,0,44,326788,412040,0,0,2543778,44053.166101694915
2019-04-19,13,17,2,1,67,549336,347805,9368,0,3293738,47161.642857142855
2019-04-20,15,19,3,2,57,550733,510122,9932,3179,2770762,50029.1671641791
2019-04-21,14,20,5,3,49,535051,538848,22150,4429,1736573,48972.95518207283
2019-04-22,19,26,0,2,49,796079,999531,0,0,3157422,53385.50700280112
2019-04-23,5,14,2,3,34,156562,458744,38800,8309,2096022,55036.387931034486
2019-04-24,16,8,3,2,43,524978,333928,8843,0,2015749,51352.897959183676
2019-04-25,11,14,2,2,46,389588,308400,7120,7998,1060580,46756.07536231884
2019-04-26,12,15,2,1,45,423562,813335,12171,464,2159687,46429.705882352944
2019-04-27,13,19,6,3,65,552442,477745,71857,2673,2979808,45939.09667673716
2019-04-28,14,17,6,2,52,561918,556905,30743,2673,3666875,51305.81736526946
2019-04-29,16,21,4,4,58,460018,779666,22215,11153,2848702,49059.54227405248
2019-04-30,8,15,3,2,42,411847,513189,23912,6930,2037684,47775.17094017094
2019-05-01,6,15,4,1,37,309933,439365,27680,3859,1159043,46122.83768115942
2019-05-02,13,19,8,2,62,636619,490694,19297,3859,2893659,49156.39335180055
2019-05-03,17,22,7,1,52,627477,717975,55129,0,2522019,49205.95108695652
2019-05-04,10,13,3,1,49,532537,567875,45392,0,4198945,54906.04261363636
2019-05-05,11,12,2,0,37,435404,574665,4934,0,2506935,53907.97329376855
2019-05-06,11,17,1,2,47,408766,559881,0,2277,2768993,55482.447852760735
2019-05-07,10,10,4,3,54,398433,201643,17758,5299,1979308,53339.94674556213
2019-05-08,17,21,2,1,62,377004,539757,6409,2761,3204031,55299.972451790636
2019-05-09,16,16,3,1,36,374970,585035,14149,6223,1823559,56391.06824925816
2019-05-10,13,13,0,0,47,602665,347291,0,0,1666790,54664.340361445786
2019-05-11,12,14,0,1,50,494372,539833,0,3944,1765276,47191.86786786787
2019-05-12,9,12,4,1,49,277199,587980,8443,0,3104457,47282.35942028985
2019-05-13,13,15,5,3,48,474853,231322,13805,3209,2383458,46031.44219653179
2019-05-14,10,11,3,2,27,266968,356256,32491,13095,1338722,47919.41379310345
2019-05-15,6,20,0,1,55,317139,569398,0,0,2987626,48300.92307692308
2019-05-16,8,15,2,1,47,192157,391955,6548,3209,2514083,48793.84520123839
2019-05-17,15,22,4,3,57,460684,778140,10567,3362,2681620,50376.1021021021
2019-05-18,8,15,0,3,47,241259,420165,0,2711,2615678,53411.04242424243
2019-05-19,10,9,4,2,53,331495,202740,47428,0,3403923,53667.99401197605
2019-05-20,8,12,0,3,42,236106,222940,0,0,2423271,54771.10670731707
2019-05-21,9,9,1,1,32,371400,244813,22260,0,2612374,57773.4984984985
2019-05-22,10,11,6,2,39,339651,288030,59706,1602,1349228,55521.06309148265
2019-05-23,10,10,5,2,53,295631,204586,31480,0,2631367,54852.82043343653
2019-05-24,18,12,5,4,49,652512,484924,35858,0,1895393,53749.94920634921
2019-05-25,17,17,0,1,50,617902,797259,0,0,3057128,54631.08176100629
2019-05-26,8,16,0,0,54,297926,891327,0,0,2097967,50365.9184952978
2019-05-27,16,18,3,2,62,808782,700585,16085,0,3628989,50951.16814159292
2019-05-28,12,11,5,1,35,388836,230445,31748,0,1200638,46376.34502923977
2019-05-29,14,25,6,1,52,579345,576366,43452,0,2337477,47461.85633802817
2019-05-30,14,19,2,1,66,398638,383706,28500,2483,3027073,46860.502717391304
2019-05-31,15,18,3,0,52,534012,935541,31275,0,1734419,46047.684636118596
2019-06-01,5,7,0,2,28,200506,410252,0,0,1127553,43421.53581661891
2019-06-02,13,14,6,1,58,609472,388785,28824,5962,2912506,45236.98300283286
2019-06-03,16,16,3,2,67,623522,573293,28561,464,4133846,46015.39664804469
2019-06-04,10,19,3,3,70,439923,531418,25373,292,2874286,46175.9796437659
2019-06-05,4,15,2,1,36,109468,427945,4720,292,1374972,45582.63925729443
2019-06-06,16,20,3,0,43,429104,549759,0,0,639743,41800.353107344636
2019-06-07,14,16,5,0,57,631106,614929,10615,0,3667504,46602.81337047354
2019-06-08,9,15,3,3,51,319433,766410,4365,5676,2422220,47186.06544502618
2019-06-09,8,13,4,3,43,430110,377751,7598,2912,1308199,44743.24250681199
2019-06-10,11,23,1,4,46,336060,484053,3043,2912,2260809,42045.471098265894
2019-06-11,9,20,5,4,54,356626,477141,28786,5088,3032854,44564.548484848485
2019-06-12,10,16,1,2,51,371576,345109,0,0,2707077,46488.13333333333
2019-06-13,9,8,4,1,39,427038,98453,40957,0,1461778,49444.10850439883
2019-06-14,9,18,1,1,36,385228,363333,37465,3747,1390513,45573.28125
2019-06-15,16,17,2,0,35,516018,519431,6731,0,1402003,44615.89802631579
2019-06-16,19,13,4,0,77,574923,584964,20880,0,4390680,49247.674556213016
2019-06-17,10,22,3,1,59,451268,1151423,2418,0,2711051,48706.42735042735
2019-06-18,12,19,2,1,52,356962,903111,2418,0,3424160,50106.767908309455
2019-06-19,8,14,0,4,48,336782,419283,0,7666,1625875,47416.35838150289
2019-06-20,16,15,5,4,52,578077,425942,38362,10710,1680540,46308.696378830085
2019-06-21,18,18,3,3,53,803255,458823,45680,11900,2732664,47784.50265957447
2019-06-22,15,16,6,2,52,551493,631764,78881,2577,1756216,46618.79389312977
2019-06-23,9,11,2,1,39,406361,436969,17368,0,2352179,45866.718309859156
2019-06-24,15,16,3,4,79,640796,511050,3389,6990,3048981,44321.64
2019-06-25,16,12,4,1,72,528213,564726,10515,3070,3682954,42732.68101265823
2019-06-26,16,14,7,2,66,686257,433669,55110,3070,4092980,46843.859564164646
2019-06-27,19,16,7,1,62,647274,464525,23312,0,2469967,47602.697399527184
2019-06-28,14,19,3,2,51,521951,718525,3121,0,2885083,48190.87885985748
2019-06-29,8,9,5,0,51,294672,219986,30374,0,1907403,48665.5880952381
2019-06-30,21,22,3,3,60,749402,675347,8211,6952,3635835,49258.96371882086
2019-07-01,21,20,2,4,68,726295,526712,4243,13516,3039789,50497.7
2019-07-02,15,13,12,2,49,502047,448394,23780,341,2259883,49854.88943488943
2019-07-03,17,20,4,4,72,466629,722969,59088,464,3457039,47590.79661016949
2019-07-04,22,29,4,2,66,782998,1070701,29059,464,4561503,52149.96402877698
2019-07-05,11,15,4,4,57,314144,424793,21414,341,3012423,51711.28841607565
2019-07-06,23,27,6,1,65,762779,751392,56531,0,2163920,50641.62929061785
2019-07-07,16,23,5,2,53,397016,725628,75980,5034,2504246,48834.42558139535
2019-07-08,12,14,9,3,58,383404,285870,30041,8663,2111928,47787.95714285714
2019-07-09,6,18,5,3,43,164252,328260,18146,2973,1282870,46120.60144927536
2019-07-10,7,15,0,3,41,131390,358115,0,0,2279959,46780.28459530026
2019-07-11,14,19,4,4,53,472474,492186,38000,15914,2079273,41715.186486486484
2019-07-12,18,12,9,2,67,625723,293413,31513,8064,3731479,42509.67105263158
2019-07-13,12,12,5,2,40,511818,292668,26829,0,1869238,44673.21971830986
2019-07-14,12,20,8,3,46,403092,680545,70468,6153,1893490,43816.77298850575
2019-07-15,18,18,6,2,54,513631,804125,17061,289,2617907,45797.13953488372
2019-07-16,11,19,6,3,54,355811,559695,70067,5226,2898117,48928.064788732394
2019-07-17,16,13,4,3,49,465617,584284,11311,1952,2325295,47974.652892561986
2019-07-18,12,15,4,2,50,448093,162798,43550,2013,2365864,49170.52777777778
2019-07-19,14,11,6,0,47,438536,229765,12766,0,2563347,48627.2294117647
2019-07-20,11,13,5,1,38,357452,213520,20447,4635,2362424,50374.09467455621
2019-07-21,13,19,5,4,60,448321,490242,11981,6429,2550539,50237.19602272727
2019-07-22,21,15,1,6,56,535719,501171,0,2614,3022612,51096.60451977401
2019-07-23,9,16,3,0,53,316756,927250,0,0,3018624,51582.73371104816
2019-07-24,13,11,3,2,50,374979,642477,30617,0,2638127,52320.725988700564
2019-07-25,8,14,5,2,44,179906,714479,27377,3185,1609281,51048.7183908046
2019-07-26,15,13,4,2,50,621341,353771,11319,7997,2919789,51627.90883190883
2019-07-27,10,9,3,1,48,359782,267248,14981,2302,2024114,49260.62603878116
2019-07-28,17,13,3,1,49,630544,439550,8730,0,2217033,49855.94285714286
2019-07-29,14,25,4,1,50,436916,971943,45321,0,2320599,48684.78779069767
2019-07-30,5,17,3,0,33,159879,625397,7473,0,1314959,46431.7962962963
2019-07-31,16,17,0,4,50,535214,450674,0,10398,3277422,48404.92901234568
2019-08-01,16,16,4,5,60,543727,445301,19768,5132,2216142,47911.93529411765
2019-08-02,16,15,4,3,53,680883,551080,8222,6513,2380929,45921.86005830904
2019-08-03,14,10,3,3,37,726558,496558,8415,3362,1940633,47191.9186746988
2019-08-04,8,9,5,1,45,304992,182458,50774,0,2202869,47724.24695121951
2019-08-05,10,13,1,1,55,322855,320351,15967,1679,2409133,47273.534534534534
2019-08-06,16,21,2,3,62,415578,538302,17882,1969,2573836,46963.988950276245
2019-08-07,16,25,5,4,64,370780,883883,28987,5664,2802108,43951.19680851064
2019-08-08,15,15,8,5,62,339303,418639,62956,12184,2721768,45056.28571428572
2019-08-09,13,13,6,1,42,563963,302679,28954,0,1992237,45347.640326975474
2019-08-10,9,23,3,1,65,395437,563776,16514,0,3580551,46284.81518987342
2019-08-11,18,22,6,2,52,742303,665598,16554,0,3004326,47472.53482587064
2019-08-12,17,16,3,2,52,548387,742092,6808,0,3140789,49663.1954887218
2019-08-13,15,16,1,1,56,470638,378593,741,0,2929389,51326.127226463104
2019-08-14,12,16,0,1,38,395149,466473,0,0,1521133,51471.91553133515
2019-08-15,16,23,3,2,45,554034,695506,36862,3743,2955125,54638.71428571428
2019-08-16,14,11,2,2,50,700994,376771,42774,5270,2968267,56144.0782122905
2019-08-17,14,13,5,1,65,517151,341281,46430,0,3586447,56160.547486033516
2019-08-18,10,8,7,1,52,333686,368612,43342,3788,2697737,55304.15363128491
2019-08-19,13,15,2,5,41,594413,526231,14006,12039,1773017,53115.60518731988
2019-08-20,13,14,2,4,46,543930,542001,7459,14102,2833878,54408.32047477745
2019-08-21,8,19,2,2,63,305885,545037,17199,6618,2464571,53257.02209944752
2019-08-22,11,15,3,0,52,420749,420017,6039,0,2069888,49847.71002710027
2019-08-23,14,18,5,3,48,498542,849421,42459,2013,2201081,48028.93460490463
2019-08-24,20,17,3,1,52,810867,473904,7368,3467,3069349,48331.9802259887
2019-08-25,17,17,2,5,55,477018,593552,7086,11165,3403172,49901.837535014005
2019-08-26,14,16,4,2,62,560896,525270,5434,2081,2768212,49762.304232804236
2019-08-27,15,19,3,1,50,406497,655839,2324,0,2985158,49637.25392670157
2019-08-28,9,15,1,1,49,368243,597758,0,0,2844002,52556.690217391304
2019-08-29,16,16,10,0,63,598693,400052,58212,0,3119058,53799.55672823219
2019-08-30,11,17,8,1,60,542887,477166,45571,287,2415249,52696.16368286445
2019-08-31,15,9,1,2,46,631984,320092,4018,7540,2125247,51065.18961038961
2019-09-01,19,18,3,2,49,508838,411118,10088,3453,2615233,49794.6147757256
2019-09-02,10,15,2,2,43,365599,508042,4018,2983,2935168,52886.430555555555
2019-09-03,18,19,1,2,43,491559,569363,6807,0,3489396,55363.606232294616
2019-09-04,16,24,1,1,53,466148,529106,3841,0,3801869,57426.38655462185
2019-09-05,12,21,3,3,57,325952,837303,14002,6223,3709062,60088.957264957266
2019-09-06,10,20,6,1,59,438685,714808,25336,0,3177586,62438.74571428572
2019-09-07,13,15,9,2,61,641338,364935,70120,10442,3044888,62392.334246575345
2019-09-08,16,17,3,5,47,468717,504282,26298,2880,2050263,61179.70247933884
2019-09-09,13,14,2,1,56,479999,434574,25195,0,2602061,58178.52393617021
2019-09-10,13,24,6,4,44,448776,822620,28422,7573,3264174,57426.798408488066
2019-09-11,15,16,6,1,50,640314,675472,72327,4706,1610452,52028.03743315508
2019-09-12,11,10,1,1,39,395249,235715,6224,6048,1860093,49464.93539325843
2019-09-13,14,9,3,1,39,463879,384649,5524,2677,1735284,48116.71130952381
2019-09-14,18,20,7,5,62,760409,432152,33340,4207,3533944,49425.13649851632
2019-09-15,13,18,1,1,45,522280,474938,4311,4207,2267454,50368.54328358209
2019-09-16,21,16,3,6,58,689621,654248,17504,11089,2824246,50728.92284866469
2019-09-17,12,14,5,1,52,413868,586445,19968,2212,1442961,44273.72173913044
2019-09-18,6,7,1,1,37,265256,161147,3283,2177,1680329,46217.80421686747
2019-09-19,11,10,4,3,43,232999,206690,53928,8778,2358729,47151.62797619047
2019-09-20,12,20,4,1,53,458217,634275,24462,5981,2190367,46565.8
2019-09-21,11,12,3,2,47,381279,234791,16149,2174,2691289,46135.44776119403
2019-09-22,12,15,1,3,48,245412,235626,14686,4476,2093388,45210.97337278107
2019-09-23,11,14,3,3,37,312538,260668,13620,10218,1382350,43657.454258675076
2019-09-24,11,11,3,3,42,530113,421457,10249,8462,1476182,45187.7328990228
2019-09-25,15,13,2,1,40,475503,446396,2076,2013,2042493,45918.70322580645
2019-09-26,9,11,3,2,32,257868,215281,9915,0,1548738,44899.02006688963
2019-09-27,6,16,4,0,37,290149,560867,34754,0,1918598,46477.16607773852
2019-09-28,14,27,3,1,54,512785,727140,45761,7905,2308148,44034.127586206894
2019-09-29,21,18,4,0,68,531443,1051315,52894,0,2781144,43411.783870967745
2019-09-30,12,15,1,2,55,320653,586056,8514,287,2672174,44961.82012195122
2019-10-01,13,14,1,2,49,415706,310737,2040,0,2072001,45800.883582089555
2019-10-02,12,17,3,2,49,462988,542140,5656,0,3459291,48721.20348837209
2019-10-03,7,7,1,3,33,318134,240411,4018,5700,1649205,48871.19130434783
2019-10-04,3,4,4,0,32,103920,146764,29901,0,2170111,50329.629411764705
2019-10-05,14,14,6,3,48,504157,434391,17972,5700,2945189,53141.0628742515
2019-10-06,13,13,2,0,37,414781,574551,3045,0,1571612,54586.08250825082
2019-10-07,7,6,3,1,40,172949,282523,36361,0,1164369,52193.67361111111
2019-10-08,8,11,2,4,39,202073,249769,9111,9237,2296391,54878.30215827338
2019-10-09,9,11,3,5,45,363656,125743,12586,16047,2881363,53570.21897810219
2019-10-10,10,12,1,2,48,330217,258462,1151,3944,2429577,53490.006920415224
2019-10-11,8,10,1,1,50,254654,331174,1737,0,2977664,52984.25081433225
2019-10-12,20,16,4,1,35,475012,404321,21071,0,2357231,53327.23469387755
2019-10-13,13,7,3,3,47,481349,211071,32862,2448,2550539,54793.20394736842
2019-10-14,17,11,4,3,48,471370,694929,44744,2829,2138040,56508.99038461538
2019-10-15,11,15,3,3,54,378779,420316,16822,6704,2578924,54780.8501529052
2019-10-16,14,20,3,2,67,541710,496605,28074,390,4191295,55081.002865329516
2019-10-17,15,18,7,2,67,497309,478039,65215,9098,3432984,54963.796195652176
2019-10-18,10,13,4,5,41,410837,471777,36916,20176,2910369,56154.267409470755
2019-10-19,5,11,2,0,29,125250,287647,2025,0,1579054,54904.26345609065
2019-10-20,20,20,0,1,56,569263,816178,0,3608,2263192,52745.46408839779
2019-10-21,10,9,3,2,41,508793,248551,14488,0,2323624,54308.28732394366
2019-10-22,12,17,1,1,48,434569,441444,3588,0,1473586,52074.796561604584
2019-10-23,14,13,8,3,49,547797,250506,43118,8453,2978173,51241.63746223565
2019-10-24,3,13,3,2,41,62553,133477,16777,10557,2634937,52993.229508196724
2019-10-25,16,12,2,3,46,583640,239242,20913,2013,1936428,48996.754838709676
2019-10-26,12,14,3,1,48,373276,429480,28048,0,2680099,49513.79635258359
2019-10-27,13,17,3,4,40,519517,676792,22964,2013,2207109,51865.67412140575
2019-10-28,6,10,4,2,27,147838,98424,23765,2364,2422020,54623.2508361204
2019-10-29,10,13,4,1,46,425433,379017,21515,0,2628234,58878.78787878788
2019-10-30,11,18,1,2,66,492650,488620,0,2921,2131991,52996.23566878981
2019-10-31,13,10,2,1,41,473198,305047,23422,0,1569290,49602.45541401274
2019-11-01,11,10,5,3,46,464100,332696,19021,2354,2442122,51212.94585987261
2019-11-02,10,8,2,3,35,479284,208381,11377,2354,313656,45562.86378737541
2019-11-03,10,9,0,1,31,230076,199459,0,2191,1776154,45491.32534246575
2019-11-04,12,12,3,1,45,420618,575663,32141,0,3015400,44764.02258064516
2019-11-05,12,14,4,0,29,555336,779414,12397,0,2206618,45922.29010238908
2019-11-06,10,11,1,0,44,390437,626578,7447,0,2619204,51448.13284132841
2019-11-07,9,6,4,4,36,451934,40994,21947,7885,1398280,51772.308270676695
2019-11-08,9,11,3,1,46,447394,302671,6602,0,2552167,52186.01127819549
2019-11-09,12,8,7,2,42,391506,157609,26159,4452,2643032,59380.42124542125
2019-11-10,9,8,1,1,37,477735,472870,3841,0,2045175,59067.655913978495
2019-11-11,4,7,2,1,37,208774,653398,15498,5617,994902,53355.638376383766
2019-11-12,6,10,1,0,40,118507,700295,2864,0,830711,46395.28723404255
2019-11-13,10,8,5,2,32,397921,281078,12728,5038,875366,41998.64074074074
2019-11-14,8,6,3,2,26,468134,234055,7154,0,611607,40588.307692307695
2019-11-15,7,8,3,1,28,336498,360648,10296,0,1244057,38201.85950413223
2019-11-16,6,12,4,2,34,226131,456938,28563,4186,1379031,34106.192307692305
2019-11-17,5,7,0,2,20,88272,326467,0,2916,409928,29242.405529953918
2019-11-18,6,12,2,2,24,201986,603514,4451,5598,723492,29775.450980392157
2019-11-19,10,9,1,1,33,356536,136092,2681,5395,1218911,32804.02030456853
2019-11-20,4,10,2,1,36,221857,303284,37498,5395,758931,31571.925373134327
2019-11-21,6,8,1,1,32,119523,323800,10553,7003,480010,30021.062801932367
2019-11-22,12,7,1,2,32,505444,342014,12626,0,1451154,30433.44549763033
2019-11-23,8,3,3,2,30,340781,0,12849,5188,1436428,31298.8115942029
2019-11-24,6,4,0,0,30,264462,283833,0,0,518745,30357.930875576036
2019-11-25,3,7,2,4,35,57801,232854,14734,40013,1083954,30474.26754385965
2019-11-26,3,14,1,2,38,252157,304728,17438,3944,759712,27849.502145922746
2019-11-27,10,15,2,1,40,462595,539381,4618,2013,983367,28326.45569620253
2019-11-28,5,9,4,1,43,134352,382438,17066,3954,1665368,31849.709677419356
2019-11-29,3,10,6,0,42,187443,231401,55978,0,922922,28567.81395348837
2019-11-30,6,7,3,0,34,204347,142197,29734,0,1345867,27786.01145038168
2019-12-01,10,7,3,0,25,395107,187726,12337,0,755202,29246.66147859922
2019-12-02,7,15,1,3,40,260652,296458,0,7421,1709871,31077.51526717557
2019-12-03,12,9,1,4,42,385722,95752,11000,1524,1882783,34832.25563909775
2019-12-04,8,10,1,0,32,260488,224867,664,0,1551950,38116.135658914725
2019-12-05,8,7,2,1,34,243669,181815,5872,0,314950,34070.46184738956
2019-12-06,5,9,3,1,22,326478,367466,10556,0,511282,35248.49344978166
2019-12-07,5,8,0,1,30,212688,270506,0,2183,804813,33470.44888888889
2019-12-08,7,9,2,2,40,314611,414404,14692,4912,1422352,34158.3375
2019-12-09,8,8,2,0,27,301996,392781,14692,0,305885,29929.581497797357
2019-12-10,7,12,3,0,33,343733,535588,11813,0,2138172,32336.715596330276
2019-12-11,5,8,3,1,22,88036,194128,8290,0,1093763,31688.54326923077
2019-12-12,7,6,4,1,44,237138,135840,21376,0,2201296,38887.90366972477
2019-12-13,8,10,2,1,45,438271,381934,5431,3944,2062688,41613.97925311203
2019-12-14,6,16,2,1,48,176857,492214,1566,0,2126717,43825.76447876448
2019-12-15,12,13,6,3,47,472445,447277,9132,13060,2602936,47110.740601503756
2019-12-16,6,12,2,1,29,153062,285555,3841,5812,1708464,51992.67164179104
2019-12-17,7,13,2,2,41,226445,503385,3588,6223,1519931,48245.634057971016
2019-12-18,8,15,5,2,41,332058,484264,23877,0,1303568,45849.49152542373
2019-12-19,11,11,3,1,43,312410,511226,19087,0,1088205,42219.41836734694
2019-12-20,7,8,4,1,49,261245,319124,4232,0,772055,37321.73154362416
2019-12-21,10,16,3,3,37,219617,682525,3841,4452,1141007,35317.65156794425
2019-12-22,6,6,0,0,24,169825,240786,0,0,840006,31716.803030303032
2019-12-23,11,13,3,3,42,326199,528181,21072,5064,714849,26641.231046931407
2019-12-24,5,16,4,2,31,122056,474748,31213,0,775159,24849.62172284644
2019-12-25,6,15,8,2,41,143296,518868,51136,0,718604,22658.74531835206
2019-12-26,8,11,2,0,45,327387,264383,12681,0,1477605,23937.862453531598
2019-12-27,6,7,1,1,28,240913,312323,3414,2094,227516,23769.137096774193
2019-12-28,5,6,1,1,16,64451,120509,3227,2013,766770,24319.422907488988
2019-12-29,8,14,2,1,35,205659,452576,12924,0,2117769,28564.168067226892
2019-12-30,8,10,5,4,42,216938,340563,40103,11781,1759244,32952.382352941175
2019-12-31,8,10,3,2,49,374480,173932,5980,7454,2789837,38505.25390625
2020-01-01,11,12,2,1,60,353100,76602,6753,8553,2030824,40616.6
2020-01-02,16,12,3,0,43,536166,390886,25229,0,2535898,44790.68864468864
2020-01-03,10,18,0,3,44,327194,627706,0,4945,1435831,46491.94809688581
2020-01-04,9,14,3,2,48,246068,416203,29122,5352,2106762,46031.666666666664
2020-01-05,14,12,4,1,46,518715,370118,19790,0,2576698,45888.83734939759
2020-01-06,10,12,2,4,38,339675,392969,3556,2805,1380078,45292.46341463415
2020-01-07,8,8,6,3,52,435915,282964,37145,2805,920788,39235.283987915405
2020-01-08,11,8,6,1,23,371634,224216,67840,0,346381,38443.65986394558
2020-01-09,11,18,3,1,35,455688,639135,40822,0,700915,33102.98251748252
2020-01-10,8,11,8,2,43,417418,264643,43370,0,861994,31205.670175438598
2020-01-11,11,18,2,1,49,471471,471992,9388,3436,1426955,28719.61188811189
2020-01-12,8,12,4,4,37,331220,162847,18138,6590,796265,23225.184115523465
2020-01-13,10,20,3,3,28,256343,679225,21652,8586,554053,21001.314606741573
2020-01-14,13,15,8,1,32,671426,415811,43063,2784,541344,21165.615384615383
2020-01-15,7,16,2,1,38,320009,294852,3464,0,581605,20851.64503816794
2020-01-16,7,5,0,0,21,243589,184779,0,0,330246,20534.120967741936
2020-01-17,14,13,4,3,45,459030,317444,12987,3788,1463963,22777.724
2020-01-18,9,13,6,2,42,470586,338163,34941,3788,1391464,23287.81893004115
2020-01-19,8,16,4,2,39,278596,316424,15107,3083,1429931,25684.10612244898
2020-01-20,13,12,2,1,40,553635,383337,6445,0,1582458,28486.424124513618
2020-01-21,11,19,3,2,31,373799,685244,25724,2766,1007090,30417.01953125
2020-01-22,11,13,2,2,38,505749,324282,0,0,955853,31878.92578125
2020-01-23,16,12,1,0,35,325130,344966,1566,0,1053248,32903.729629629626
2020-01-24,12,13,5,1,54,396120,555745,28190,0,1353089,31444.921146953406
2020-01-25,17,18,4,3,43,646947,663740,24051,5981,1781017,32723.878571428573
2020-01-26,12,12,5,2,51,481379,438721,27913,12651,2438138,34831.82534246575
2020-01-27,11,11,2,1,36,338824,433211,9100,0,687453,32207.944444444445
2020-01-28,8,14,2,0,35,422350,709201,17092,0,855530,31247.698630136987
2020-01-29,7,16,5,1,38,301267,353726,37863,2013,1222434,32160.647260273974
2020-01-30,11,12,5,1,46,300637,445250,19616,0,2253797,34955.30693069307
2020-01-31,13,10,3,3,51,505175,299005,17252,0,1908736,37157.01666666667
2020-02-01,12,11,3,1,45,620111,481445,6596,2013,1529347,36077.59933774835
2020-02-02,8,11,0,0,40,286010,242618,0,0,1344944,33684.67697594502
2020-02-03,9,10,1,3,51,177383,311359,9782,3627,2499833,37956.27777777778
2020-02-04,14,8,2,2,37,485725,167050,13617,0,640350,37011.17207792208
2020-02-05,9,19,2,0,41,252750,737710,7839,0,837434,35416.20900321544
2020-02-06,11,17,4,0,43,346983,309661,11887,0,2882009,37800.82142857143
2020-02-07,9,23,1,1,46,428332,467093,20537,2062,2421960,40118.40594059406
2020-02-08,10,9,1,0,49,372199,299203,20537,0,2693088,43386.37785016287
2020-02-09,5,8,4,1,24,265582,156967,15869,0,1076983,44851.05498281787
2020-02-10,6,12,2,2,32,271638,325318,4579,3523,925277,42195.22426470588
2020-02-11,7,12,6,1,43,190258,335349,25238,0,1343613,43814.25899280576
2020-02-12,13,9,3,1,38,594174,233077,12095,0,534198,43189.556363636366
2020-02-13,7,15,0,0,19,177410,322176,0,0,247856,36824.6015936255
2020-02-14,5,16,4,2,26,186003,520675,37796,7320,471846,31570.82683982684
2020-02-15,13,5,5,0,36,538287,349458,39343,0,1607406,28473.298165137614
2020-02-16,10,11,10,1,38,377218,203707,13595,0,2072046,31044.146551724138
2020-02-17,12,21,4,4,59,560350,679755,3677,4636,2810112,35085.23938223938
2020-02-18,10,17,7,3,36,428194,588732,41186,3706,1481490,36606.96031746032
2020-02-19,10,10,2,2,30,246203,403880,2207,0,1531896,41896.11475409836
2020-02-20,9,21,5,0,62,293272,440982,6298,0,2828488,44610.7456445993
2020-02-21,17,16,4,3,38,756046,304375,43848,0,1466906,46148.307692307695
2020-02-22,9,13,7,2,33,241178,315269,34936,0,2763296,50521.06081081081
2020-02-23,7,11,3,1,48,371733,603612,8557,0,1466615,46891.513071895424
2020-02-24,8,12,6,5,39,338716,447794,117842,13424,2125770,47777.83566433567
2020-02-25,19,16,8,1,42,696584,174965,89991,0,1750906,47718.75684931507
2020-02-26,7,11,4,1,47,397311,109926,30172,0,1613784,45358.46278317152
2020-02-27,8,5,3,1,25,268840,0,8707,0,514230,43020.24632352941
2020-02-28,10,14,1,1,49,267440,543587,6807,0,1183694,40347.33215547703
2020-02-29,11,15,6,1,50,353310,388139,24597,0,2626053,37603.50666666667
2020-03-01,9,6,3,3,39,343222,158912,0,0,2404607,41989.84192439863
2020-03-02,8,20,4,2,53,329080,458323,8666,0,3655030,45076.40655737705
2020-03-03,4,10,3,1,36,77264,116261,26634,0,1415545,44859.341137123745
2020-03-04,4,7,3,3,22,177549,290436,39783,6852,1054685,46911.83941605839
2020-03-05,8,16,0,2,33,242840,630020,0,4009,1169768,47905.60992907801
2020-03-06,10,15,2,2,41,508478,445890,9239,2013,1634400,50949.22627737226
2020-03-07,9,11,5,1,48,330119,131655,23133,3152,2674004,51500.143382352944
2020-03-08,9,13,3,2,60,393984,418973,8747,3152,1984260,46374.37542662116
2020-03-09,8,7,0,0,28,426953,321115,0,0,865038,40289.92537313433
2020-03-10,5,9,2,0,41,158225,291992,8557,0,2167535,42306.556776556776
2020-03-11,9,11,4,2,34,259683,270070,22230,5498,1531454,42198.10175438596
2020-03-12,11,8,3,1,46,399480,248844,21756,0,3343575,47651.89932885906
2020-03-13,6,11,3,2,26,317124,395102,4284,6154,654018,46713.37102473498
2020-03-14,9,7,1,2,34,420176,202573,0,7065,1450434,44595.96282527881
2020-03-15,10,9,0,4,32,359916,348748,0,2801,1447342,47549.36099585062
2020-03-16,5,6,1,2,23,303033,334306,0,3826,962263,48968.733050847455
2020-03-17,10,7,5,1,41,397997,270509,0,0,2296208,49513.957627118645
2020-03-18,13,7,4,1,40,406399,177326,1682,2859,1230922,47044.47107438016
2020-03-19,11,9,2,1,37,411076,258470,3841,0,2215884,44021.76394849786
2020-03-20,9,10,4,2,46,336471,356599,33054,6924,2454046,47656.517786561264
2020-03-21,7,7,3,1,45,453972,214110,22076,0,2088348,48087.170454545456
2020-03-22,13,7,4,1,38,369444,297643,27964,5981,1124375,45822.392592592594
2020-03-23,9,8,2,3,37,368442,187336,23022,0,1364974,44981.538732394365
2020-03-24,10,13,3,2,38,466318,641213,14821,5226,1080223,41134.41992882562
2020-03-25,7,10,2,0,26,284187,326280,4237,0,395355,40161.816479400746
2020-03-26,10,15,4,1,47,280764,566750,12179,0,2851721,41007.37184115523
2020-03-27,7,10,2,0,30,225958,275658,4183,0,1431649,39604.00383141763
2020-03-28,13,13,3,2,46,442021,418627,12300,3150,1921984,38817.86641221374
2020-03-29,4,4,1,1,20,159792,58242,14813,2415,1214031,42048.92213114754
2020-03-30,6,4,2,2,37,199092,0,7046,6085,1411251,42238.58196721312
2020-03-31,8,14,3,3,43,303455,674643,13969,0,1977512,44993.98795180723
2020-04-01,11,13,3,1,35,336362,490686,0,0,2754694,52569.15503875969
2020-04-02,14,13,7,0,57,369432,513874,42103,0,3408668,52685.77985074627
2020-04-03,15,13,3,2,61,460917,461766,22909,0,3713785,54855.9364548495
2020-04-04,11,11,1,4,48,315238,344699,31668,8468,2581365,56682.07973421927
2020-04-05,14,16,6,0,64,368907,276399,37442,0,4155621,57979.40869565217
2020-04-06,14,15,3,3,59,645219,703337,9421,2013,2617130,57789.57765667575
2020-04-07,14,20,4,2,47,467723,628526,14104,4419,1088076,54769.10781671159
2020-04-08,21,12,7,1,52,496224,420960,31978,0,2849033,52612.572164948455
2020-04-09,12,12,2,2,40,316159,419897,10150,2013,3708351,55831.16172506739
2020-04-10,10,10,6,1,45,338194,541022,13238,0,1586970,52356.4676056338
2020-04-11,9,14,2,2,37,453338,632803,11587,0,2137392,52740.03779069767
2020-04-12,6,12,0,0,41,288720,538940,0,0,2272902,50653.7507788162
2020-04-13,11,8,0,1,51,301952,173303,0,0,3018191,53229.76038338658
2020-04-14,2,10,2,1,23,33280,295786,5340,0,2222670,61576.15570934256
2020-04-15,10,11,4,2,39,474669,394736,22827,4346,1864922,60910.862318840576
2020-04-16,7,10,2,0,60,290594,376903,4714,0,2272384,51944.02364864865
2020-04-17,10,10,3,3,49,231052,636663,13351,0,2962442,55836.34333333333
2020-04-18,17,12,0,2,44,662690,569326,0,0,1991310,54087.3648208469
2020-04-19,14,16,1,2,48,537454,543250,35314,0,2743536,54380.42993630573
2020-04-20,8,9,2,1,42,298712,302352,0,0,2576666,54537.475409836065
2020-04-21,5,13,4,2,55,213046,543215,16157,1672,3590848,53418.718100890204
2020-04-22,12,12,7,2,41,496394,557590,24072,0,442102,48906.45427728614
2020-04-23,10,11,4,4,55,277860,495504,16299,10317,2152336,49279.161676646705
2020-04-24,14,12,4,3,56,562900,449397,17210,18086,3057227,48545.52785923754
2020-04-25,9,13,8,1,58,617701,271714,41607,3629,2929686,49274.36901408451
2020-04-26,9,15,9,0,53,415236,428722,35191,0,2489744,47885.025
2020-04-27,8,8,5,1,48,299274,98849,9499,4538,1902741,45258.69945355191
2020-04-28,10,13,7,2,44,461545,459870,48335,8049,2355980,43182.58028169014
2020-04-29,15,10,4,0,37,486395,251475,25474,0,2203418,48692.68376068376
2020-04-30,10,13,6,1,30,380781,297074,35736,0,2014176,52002.981595092024
2020-05-01,4,10,2,6,33,93447,279348,7186,2734,3290667,56720.83168316832
2020-05-02,10,13,2,0,49,409369,359688,2851,0,3370444,59956.360544217685
2020-05-03,14,13,2,0,46,541220,683527,17383,0,3292385,64215.36933797909
2020-05-04,20,13,7,1,62,496603,263741,34814,2577,3206398,65559.69435215947
2020-05-05,15,15,1,1,51,681356,494275,324,0,2526964,64624.844155844155
2020-05-06,12,13,3,1,51,477730,635722,0,1167,3223439,64982.835403726705
2020-05-07,14,20,5,1,53,479664,595053,3750,1167,1411800,58904.62898550725
2020-05-08,13,14,6,4,63,628782,484182,37284,2013,3303929,54227.624
2020-05-09,15,25,4,1,61,631248,742165,24869,0,2936843,51425.73126614987
2020-05-10,15,21,8,5,45,461949,649039,12597,2013,2313145,49022.067357512955
2020-05-11,14,19,4,3,67,548606,517426,21678,11224,3843383,50024.30434782609
2020-05-12,15,10,4,2,67,384813,344781,13116,0,2821089,48780.41277641278
2020-05-13,11,15,3,4,62,417408,458478,10908,0,3270312,47608.854066985645
2020-05-14,21,14,5,4,65,644317,653935,41087,7851,2757364,49409.45348837209
2020-05-15,11,18,6,1,57,416584,735475,57027,4986,2861743,49065.752358490565
2020-05-16,14,18,5,1,62,646239,552318,31576,0,2861915,48774.00235294118
2020-05-17,11,18,8,1,56,395919,745361,38161,0,3049605,49232.59403669725
2020-05-18,13,5,2,1,47,452209,123479,4302,3586,2310357,47914.387019230766
2020-05-19,17,17,4,4,60,699129,473059,33052,8711,2930228,49001.28117359413
2020-05-20,21,23,6,4,53,663521,989984,30524,16870,2831862,49007.685
2020-05-21,13,18,3,3,59,202758,408953,6401,3367,4356089,53811.67258883249
2020-05-22,12,6,2,2,36,566212,206932,4820,4867,2714092,56445.43699731903
2020-05-23,11,15,4,3,36,495584,538604,11552,9778,1827965,57695.09510086455
2020-05-24,15,14,9,2,52,298891,552944,30197,5436,2327298,56262.07288629738
2020-05-25,14,18,7,2,46,376395,691681,25241,3694,1577596,54284.005847953216
2020-05-26,10,12,3,2,39,449098,304979,9295,341,1627684,53777.52647975078
2020-05-27,10,10,3,4,38,412605,153885,40389,5038,2150035,54185.486928104576
2020-05-28,16,13,4,1,60,392087,164781,75576,0,2844042,49083.752442996745
2020-05-29,13,17,2,2,62,512472,392469,4326,760,3444934,47446.10810810811
2020-05-30,13,17,4,2,42,381060,764759,16061,6223,1647262,46073.30678466077
2020-05-31,13,12,9,1,44,509419,300643,67600,2889,1823120,45663.664652567975
2020-06-01,13,18,3,3,51,407278,833503,26914,3230,2584164,47979.88392857143
2020-06-02,14,21,4,3,62,468367,834984,20247,341,2931877,48538.81337047354
2020-06-03,18,14,5,1,56,654637,304881,12597,0,2926489,48280.8700265252
2020-06-04,11,15,5,2,53,429230,282662,8332,341,3430957,50780.54864864865
2020-06-05,15,19,6,4,52,511055,450193,32940,6179,2783090,50352.66388888889
2020-06-06,13,15,2,1,53,280310,354299,8316,2592,2906226,52253.16172506739
2020-06-07,16,16,1,3,53,586789,523354,1376,4723,2059278,51637.0552631579
2020-06-08,13,15,3,3,57,377817,555421,10907,5234,2779854,51341.37564766839
2020-06-09,16,15,8,1,59,518988,399498,58987,2013,2905188,51673.843342036555
2020-06-10,20,15,9,1,62,727450,580922,48549,0,3641471,52714.817480719794
2020-06-11,15,19,6,5,58,357382,537228,36279,5329,1981037,48365.84771573604
2020-06-12,22,11,4,2,59,893173,170928,3676,0,3203063,48568.87032418953
2020-06-13,14,19,2,1,61,396680,578106,7506,0,3088750,48065.1369193154
2020-06-14,19,24,6,1,62,344031,840275,20611,341,2974727,49220.311004784686
2020-06-15,21,21,3,2,54,510831,874676,16087,760,2293924,48405.20481927711
2020-06-16,19,16,8,0,60,698764,422455,38660,0,2593453,47539.48317307692
2020-06-17,25,16,6,0,64,847941,531799,45006,0,2615259,44856.96889952153
2020-06-18,14,15,4,2,58,475466,726408,38464,0,3079426,47484.69377990431
2020-06-19,27,17,6,3,62,963796,601249,45544,0,3213562,47171.26128266033
2020-06-20,15,14,5,3,68,530074,580450,28282,7999,2679328,45443.17523364486
2020-06-21,18,13,3,2,68,664922,562091,3108,2562,3410573,45819.18202764977
2020-06-22,15,14,5,1,68,707977,719798,6738,3750,2874823,45683.982142857145
2020-06-23,13,16,3,3,72,571445,375637,7986,1537,2887796,45132.102173913045
2020-06-24,18,16,5,2,56,675910,449528,39749,3788,2870837,46496.33849557522
2020-06-25,11,12,5,3,58,167819,456400,24419,341,3808694,48109.763274336285
2020-06-26,10,13,1,3,61,345698,481781,7338,0,2464042,46554.52993348115
2020-06-27,17,10,4,0,54,659858,242327,46226,0,1500397,45348.19679633867
2020-06-28,15,13,5,2,53,610440,422001,21839,0,2048560,43732.580568720376
2020-06-29,21,19,6,1,71,808808,630734,14655,0,1850076,41012.71058823529
2020-06-30,16,18,11,0,58,391037,671908,85681,0,1705246,39532.48661800486
2020-07-01,12,11,4,3,29,367133,365953,40528,7743,1023483,37501.296875
2020-07-02,13,15,7,3,50,510620,556754,17102,0,2415300,34593.36170212766
2020-07-03,17,20,5,0,58,491839,808353,30742,0,3047325,36435.35388739946
2020-07-04,16,22,5,2,52,365694,682089,14459,11531,3638090,42393.746630727765
2020-07-05,14,14,9,1,65,394518,287889,60084,0,2659682,42661.10182767624
2020-07-06,14,15,3,1,56,561120,597368,16349,0,2899043,47250.45923913043
2020-07-07,14,14,8,2,76,456272,396552,82551,5310,3809701,50499.025906735755
2020-07-08,16,9,5,1,58,556264,323086,32865,0,2494574,50514.97590361446
2020-07-09,22,17,2,1,58,761548,491507,17217,0,2406837,49539.602836879436
2020-07-10,11,14,4,3,55,577582,654245,1656,0,3209503,50279.59523809524
2020-07-11,15,16,5,3,68,314262,633579,27768,8347,4553442,50533.90366972477
2020-07-12,16,13,6,0,61,467803,246854,28633,0,2711370,51121.458333333336
2020-07-13,15,18,4,3,54,463177,388809,10927,8769,2483945,50393.888372093024
2020-07-14,12,19,4,2,65,435804,657897,14389,0,3255715,50394.715990453464
2020-07-15,13,16,1,0,57,356667,791182,0,0,3162495,52113.174641148325
2020-07-16,15,12,4,1,58,411949,564285,36021,0,2411015,52123.16985645933
2020-07-17,7,17,3,1,53,253730,678383,39411,2996,2716301,51188.18028846154
2020-07-18,15,24,3,1,65,521601,623919,6682,0,2614198,46864.501210653754
2020-07-19,10,18,3,1,50,182336,456279,20727,0,2187686,46844.166666666664
2020-07-20,17,16,3,2,65,905673,406989,4478,0,2477489,45580.86924939467
2020-07-21,12,9,6,1,58,363428,295780,11363,4912,2725129,45059.8842364532
2020-07-22,12,13,6,3,47,456564,242809,23085,12486,1390947,41724.15404040404
2020-07-23,14,9,1,2,51,443234,159303,2504,7573,2714641,43255.503856041134
2020-07-24,10,20,5,3,71,401530,393812,26629,1260,3440220,43121.15479115479
2020-07-25,15,16,6,1,64,420982,517281,28367,0,3175758,44610.51724137931
2020-07-26,23,14,7,2,68,796446,429104,53283,6328,2188540,42718.688679245286
2020-07-27,11,16,4,4,55,285132,583017,50263,3477,2201687,43084.352657004834
2020-07-28,10,14,4,4,67,315939,494300,14821,557,2876609,42525.77304964539
2020-07-29,24,16,4,1,54,742398,659836,15036,0,2830919,45182.26511627907
2020-07-30,13,15,5,2,69,277341,731104,17462,4009,3230565,44518.52232142857
2020-07-31,10,14,4,1,51,405732,449761,7825,844,1634227,42379.21728971963
2020-08-01,11,17,6,2,59,273585,483009,19407,0,2436115,41131.58865248227
2020-08-02,17,16,4,2,59,606454,583437,9026,2236,3020311,44034.862318840576
2020-08-03,12,17,4,0,71,544389,457468,1950,0,3646630,45756.68837209302
2020-08-04,16,11,3,2,59,510318,422354,37320,1833,2776502,46386.89336492891
2020-08-05,14,20,4,2,57,657871,676723,40551,3256,3544949,47739.52705882353
2020-08-06,15,16,4,3,44,370055,309364,6724,0,1568151,46567.2125
2020-08-07,13,14,8,2,63,591306,498309,58550,3496,4065080,51111.01456310679
2020-08-08,10,15,5,0,67,481343,426612,34868,0,2855961,51137.10476190476
2020-08-09,15,9,4,2,41,325417,128359,4076,0,1196321,48889.53731343283
2020-08-10,13,17,5,2,57,484991,578636,8465,6223,1855370,46036.94329896907
2020-08-11,12,14,2,1,59,398950,492020,4839,3944,2918024,46401.69072164949
2020-08-12,10,16,3,0,67,267185,733634,8347,0,3160769,44270.54271356784
2020-08-13,18,15,7,3,56,677366,358732,41925,7962,2679486,45685.39268292683
2020-08-14,12,27,9,0,64,382920,819323,50943,0,2902456,42745.46715328467
2020-08-15,11,21,5,0,66,283274,566272,56076,0,2288695,41466.148780487805
2020-08-16,18,12,3,2,69,569655,206613,0,0,4361759,46042.37214611872
2020-08-17,14,19,5,2,57,517791,622551,29405,2013,1749611,45800.913242009134
2020-08-18,18,18,6,2,66,807927,441864,11902,5436,3507337,46404.74831460674
2020-08-19,13,20,4,2,55,542047,648797,27552,6481,2564525,46313.785219399535
2020-08-20,14,21,6,3,51,400874,629860,29761,10034,2623187,46723.29439252336
2020-08-21,15,14,4,0,57,550186,587115,48568,0,2472426,46478.717339667455
2020-08-22,12,17,6,0,49,236496,769769,47280,0,2828251,49770.039603960395
2020-08-23,16,18,5,0,62,575554,333080,74163,0,2763762,46622.41561712846
2020-08-24,10,18,1,0,52,452857,413613,3138,0,1410046,46350.852040816324
2020-08-25,8,10,3,0,61,255291,358772,6090,0,2380316,44037.50129198966
2020-08-26,9,15,5,1,55,561962,598517,14880,5479,2259403,43249.072351421186
2020-08-27,14,18,6,4,52,614630,713532,31025,11427,2018122,41578.15979381443
2020-08-28,19,18,3,0,45,891121,453053,0,0,2379759,42658.66755319149
2020-08-29,21,18,3,3,50,834866,734616,1128,7379,2210951,40908.11405835544
2020-08-30,19,21,7,4,53,667405,607029,38630,14146,2242871,40493.11956521739
2020-08-31,17,17,6,1,53,517730,456648,64847,0,2997298,44684.87804878049
2020-09-01,19,15,2,3,62,616715,723957,5849,4188,2924702,46035.42162162162
2020-09-02,15,26,6,1,54,505226,1037894,28516,0,2710475,47382.59620596206
2020-09-03,13,20,9,3,53,542743,665388,60450,0,2449725,48421.02972972973
2020-09-04,14,11,3,1,66,420031,461316,13755,3203,3751722,49329.26854219949
2020-09-05,16,14,2,3,59,679710,294748,2175,4912,1805844,47206.5925
2020-09-06,20,15,3,1,47,516224,352773,46471,3277,1654258,46431.53299492386
2020-09-07,19,26,3,0,72,788963,665825,19082,0,2736829,43664.782082324455
2020-09-08,15,19,3,3,62,481223,559586,3324,2215,2153078,41796.44309927361
2020-09-09,14,26,7,3,54,544107,899540,13373,151,2960213,42401.13559322034
2020-09-10,18,23,6,4,47,582594,806213,10372,8254,3015357,44415.97297297297
2020-09-11,9,19,5,5,69,301410,924316,46922,8970,2510780,41064.29024390244
2020-09-12,18,18,9,2,66,522474,421253,36386,8709,4062079,45785.597122302155
2020-09-13,12,17,2,3,68,374683,560168,15549,7053,2923009,46487.08904109589
2020-09-14,15,14,1,0,47,427230,392374,7381,0,1371454,45995.08474576271
2020-09-15,12,11,1,0,48,396913,407412,9133,0,2652574,48860.81704260652
2020-09-16,17,19,7,1,53,500684,797958,6380,0,2043860,46681.18844221105
2020-09-17,22,18,6,1,65,474986,528222,28309,3106,4343020,47852.82692307692
2020-09-18,20,16,6,1,55,415265,537464,16228,0,2361002,49146.76119402985
2020-09-19,22,27,7,2,50,678451,476846,43879,1729,1402848,44294.73316062176
2020-09-20,16,16,6,3,68,533008,198626,47511,1729,3148703,44879.432642487045
2020-09-21,25,26,8,1,65,916963,917890,23185,0,2918355,46708.816831683165
2020-09-22,15,17,5,2,53,349807,471817,31662,0,2547620,45881.19315403423
2020-09-23,13,16,5,2,57,334038,453377,31962,0,3037683,47843.174334140436
2020-09-24,19,18,4,3,67,792087,723101,49249,3326,2834085,43976.61686746988
2020-09-25,14,22,4,2,48,353595,842211,14739,2215,2445599,44938.46323529412
2020-09-26,22,23,3,1,51,773664,1099352,7962,0,2065593,46448.992665036676
2020-09-27,20,26,5,1,74,826297,857443,28187,4620,2805574,44950.624096385545
2020-09-28,21,23,10,1,49,517632,703192,25686,9416,3102769,47215.34586466166
2020-09-29,14,17,9,1,51,516961,471081,44339,0,2312498,46860.959697733
2020-09-30,21,17,6,0,57,676548,781877,35949,0,2210957,44778.52644836272
2020-10-01,17,13,2,2,49,569638,454070,6433,1524,2035791,44798.8944591029
2020-10-02,16,21,2,4,66,452878,552336,5638,0,3490867,45400.62720403023
2020-10-03,19,22,3,3,77,419521,827238,7881,0,4204042,47665.47990543735
2020-10-04,16,19,3,3,57,621322,266015,41019,9912,1732171,47017.47536945813
2020-10-05,16,17,2,0,43,632132,724112,3697,0,2243183,45573.7725
2020-10-06,14,17,6,0,82,525371,519001,9825,0,3178185,44304.399071925756
2020-10-07,17,19,6,2,69,625752,586795,8235,0,3001782,44889.43792325057
2020-10-08,24,16,6,4,70,778429,480081,29582,2763,3090717,45131.35129310345
2020-10-09,13,12,3,1,48,511342,203505,7611,2763,2883076,45590.03587443946
2020-10-10,13,28,7,0,59,474094,700936,17502,0,2962167,44605.79672897196
2020-10-11,8,19,2,1,36,354400,480241,8380,2522,1584226,46543.82309582309
2020-10-12,18,18,1,2,48,631484,630549,0,7993,1643434,44523.26941747573
2020-10-13,15,13,0,0,46,605029,445643,0,0,1689976,44828.132978723406
2020-10-14,9,15,1,0,48,565367,308935,14595,0,1652064,43677.91549295775
2020-10-15,13,17,2,2,71,481844,281101,14595,3496,3770520,45464.78370786517
2020-10-16,14,20,2,1,53,504093,428745,5251,5064,3238019,45818.29916897507
2020-10-17,11,21,3,2,54,468059,562596,2117,0,2984680,46525.05337078652
2020-10-18,9,12,3,6,66,325376,565298,9391,15999,2948099,46442.466321243526
2020-10-19,13,10,5,2,42,592330,240042,30456,6088,2360578,49062.98947368421
2020-10-20,11,13,10,0,43,290080,714611,18360,0,1671072,49403.26790450928
2020-10-21,15,7,4,0,46,824350,490576,4774,0,2172817,51055.426666666666
2020-10-22,7,13,2,2,36,172310,467737,20689,4406,1144216,48586.708823529414
2020-10-23,17,28,4,5,56,697852,1053467,5919,4342,2454945,45878.737609329444
2020-10-24,10,16,4,1,49,225725,536581,27237,0,1262731,41462.89349112426
2020-10-25,9,18,3,3,54,193637,769531,12129,3126,2541688,41742.475460122696
2020-10-26,6,13,5,1,52,216326,389778,58229,6584,2245084,40156.40773809524
2020-10-27,13,18,6,2,61,371609,375013,20758,4660,2210743,39639.05084745763
2020-10-28,16,13,1,2,40,408840,165213,16653,12821,1365056,38001.33045977011
2020-10-29,15,18,2,1,51,541817,532133,35937,1260,2568337,40354.225895316806
2020-10-30,10,21,4,2,61,542742,677367,18062,6971,2409756,39683.13858695652
2020-10-31,17,20,5,1,53,697454,634777,31144,0,3450032,45136.279569892475
2020-11-01,18,14,5,2,45,462691,542928,29168,0,2859080,47129.71900826446
2020-11-02,15,16,5,2,60,641366,469327,30979,0,2625183,47137.970350404314
2020-11-03,15,14,3,3,60,619225,376832,5445,6905,3374194,50409.832432432435
2020-11-04,19,22,4,1,53,629649,566163,6025,0,2990178,52941.932114882504
2020-11-05,17,18,3,5,60,580781,645035,4363,3442,2865397,52484.23469387755
2020-11-06,9,13,0,2,29,187589,430227,0,10147,451639,51710.28611111111
2020-11-07,10,12,2,1,50,232243,185603,6539,6327,2367204,49111.69467787115
2020-11-08,7,8,2,0,32,298627,120835,3708,0,1767666,47794.94476744186
2020-11-09,11,11,5,0,47,421509,282049,9965,0,2169414,48295.1419939577
2020-11-10,11,16,3,2,62,296728,431426,1960,0,2034596,43982.26426426427
2020-11-11,18,22,3,1,65,732822,496089,24397,0,3010876,42512.44057971014
2020-11-12,10,15,2,2,53,534279,460042,6225,4452,1127643,38251.591715976334
2020-11-13,9,14,1,2,40,464010,683145,4874,2877,1421645,39825.340974212035
2020-11-14,11,14,2,0,37,396993,394665,23056,0,1488931,38752.294642857145
2020-11-15,10,14,3,0,33,515125,302077,28014,0,543053,35003.436201780416
2020-11-16,13,13,0,0,28,698167,148426,0,0,715837,32523.83962264151
2020-11-17,9,13,1,1,46,210938,282139,0,0,1783382,33415.122516556294
2020-11-18,4,7,2,3,36,398837,276530,31702,9389,1298917,30693.802197802197
2020-11-19,5,10,3,1,30,175410,379736,36952,0,633145,31539.64
2020-11-20,7,13,2,1,37,482280,362597,0,6597,983347,30148.226720647774
2020-11-21,5,10,0,0,30,150697,277825,0,0,1382052,30582.220833333333
2020-11-22,7,14,2,0,17,270752,421261,7782,0,737020,33632.58928571428
2020-11-23,6,7,1,4,20,107328,213353,1227,4826,363001,33244.74074074074
2020-11-24,10,9,4,0,27,511537,280692,21174,0,252965,28682.472081218275
2020-11-25,11,11,2,2,46,515712,267072,5592,4110,1017620,25937.92270531401
2020-11-26,8,11,1,3,38,482137,393491,1206,0,763147,25577.451162790698
2020-11-27,8,13,4,1,47,622353,450565,48858,0,1557992,26994.653333333332
2020-11-28,6,10,3,1,53,340894,330946,2996,3819,991019,22914.370967741936
2020-11-29,8,10,3,1,41,460706,58406,11751,8171,937347,21629.011029411766
2020-11-30,8,12,2,1,43,608746,412947,25102,0,636679,20870.40338983051
2020-12-01,12,11,6,2,43,501795,421668,28809,5363,1386452,23441.33762057878
2020-12-02,11,13,9,1,61,386118,506979,70312,5363,2304590,26310.509202453988
2020-12-03,9,12,1,2,53,373265,321555,12599,0,3503724,33190.038123167156
2020-12-04,7,10,4,4,59,305189,243798,8286,0,2633703,35109.104815864026
2020-12-05,13,11,6,0,50,417647,461539,6032,0,3350343,42150.96571428572
2020-12-06,10,10,5,0,33,479080,341925,18557,0,1974059,46168.27485380117
2020-12-07,5,9,1,0,33,204496,153681,2485,0,1236141,49364.49397590361
2020-12-08,12,10,3,1,30,362426,124282,2485,0,550558,48755.85579937304
2020-12-09,9,12,0,0,35,457397,288282,0,0,1134573,49089.0819112628
2020-12-10,11,15,0,2,36,461078,758547,0,0,934235,42802.942028985504
2020-12-11,8,12,2,1,45,428627,399736,0,0,1469475,40646.50381679389
2020-12-12,4,8,1,2,25,258265,94057,3461,4988,851827,34391.84810126582
2020-12-13,5,10,2,2,35,103295,301376,18425,0,524014,28036.916317991632
2020-12-14,11,7,1,1,47,316470,170436,16159,2520,857137,24987.426877470356
2020-12-15,12,13,1,2,32,309522,376021,19607,4784,1565347,28771.011764705883
2020-12-16,11,12,2,1,16,372737,189554,4251,0,677381,29150.06779661017
2020-12-17,5,3,1,2,17,257071,74096,2200,0,286814,28718.870967741936
2020-12-18,5,17,1,2,33,378560,423081,0,0,670137,26500.765853658537
2020-12-19,8,15,4,1,34,323163,520969,6894,0,531662,23890.149532710282
2020-12-20,6,9,0,1,30,134686,120945,0,8102,756393,25573.545454545456
2020-12-21,6,9,1,0,35,187310,78823,0,0,1123926,28485.58375634518
2020-12-22,7,7,3,1,42,309534,179464,9249,0,1781370,28153.057971014492
2020-12-23,12,8,1,2,39,562017,297659,0,12539,1427627,28599.691304347827
2020-12-24,9,9,3,2,39,356461,142874,7799,0,933490,28669.06746031746
2020-12-25,12,10,0,2,31,533283,217284,0,9660,755141,29238.436
2020-12-26,14,4,1,0,60,253446,109569,6435,0,985136,28127.11231884058
2020-12-27,5,5,1,0,34,161277,92242,6435,0,1186636,29261.878571428573
2020-12-28,13,17,1,1,39,410072,322599,3846,6223,436010,26427.5
2020-12-29,6,15,2,1,45,149393,366540,0,2861,1713406,25914.44599303136
2020-12-30,6,9,3,3,39,414998,133247,21110,4879,1863036,27431.550522648082
2020-12-31,13,6,2,1,37,366119,163763,5808,0,1596213,29949.39649122807
2021-01-01,8,15,2,0,46,383188,428453,8871,0,790787,28570.746666666666
2021-01-02,11,8,3,1,43,406593,174417,6462,3902,996927,30328.67491166078
2021-01-03,6,17,2,1,53,116901,415682,823,3809,1892402,30757.552980132452
2021-01-04,12,6,3,1,36,279472,182645,24483,0,1419820,34356.49163879599
2021-01-05,14,10,2,0,51,273384,227094,20548,0,2183496,35221.904918032786
2021-01-06,9,14,4,2,47,337235,214716,26829,5576,1070650,31790.07987220447
2021-01-07,16,10,2,0,52,522521,251063,7635,0,2062813,31758.826219512193
2021-01-08,7,13,2,1,39,240773,283424,7635,0,1277537,33967.74143302181
2021-01-09,6,15,1,3,42,280049,235870,1685,3253,1292188,34996.58125
2021-01-10,6,8,2,3,36,227081,218221,0,3253,983451,33960.24752475248
2021-01-11,10,15,2,2,44,535555,299832,7099,0,912768,31456.279742765273
2021-01-12,10,12,5,1,37,241422,248932,18872,6847,1142436,29433.814814814814
2021-01-13,8,22,4,1,40,476359,471736,16000,7573,1610902,32007.224137931036
2021-01-14,12,15,1,2,44,527396,424708,4018,2801,1688730,31588.695035460994
2021-01-15,12,20,2,0,51,371344,895742,1700,0,2200144,33437.47959183674
2021-01-16,9,15,3,1,54,345798,554525,33049,0,2716779,36781.73202614379
2021-01-17,9,17,2,2,48,424543,461197,15600,0,2052758,38756.342767295595
2021-01-18,17,20,5,1,52,608759,766303,55698,3237,2844476,43730.75153374233
2021-01-19,14,30,10,3,62,381368,881550,65035,10791,2525935,44557.61823361823
2021-01-20,11,18,4,3,67,301677,451656,3436,9338,2777532,44461.25396825397
2021-01-21,13,14,6,1,57,201951,544917,34168,0,3556989,47761.15856777494
2021-01-22,12,11,2,2,36,594531,739734,743,4465,1234966,47099.561170212764
2021-01-23,12,12,0,0,38,312622,253954,0,0,1026965,44498.947222222225
2021-01-24,9,11,0,1,30,274756,170650,0,0,526699,42378.836257309944
2021-01-25,6,10,1,0,50,295113,237173,702,0,2697459,42195.720588235294
2021-01-26,8,12,2,4,49,206305,176870,9395,10958,3091510,45602.813455657495
2021-01-27,15,14,5,0,62,558506,330202,18160,0,2663654,45957.27329192546
2021-01-28,10,15,2,1,61,154611,407614,20936,0,3256622,44472.009202453984
2021-01-29,16,20,5,1,58,593527,712613,69976,0,2379740,44950.1408045977
2021-01-30,12,14,2,2,46,491593,374597,32564,0,1710159,45859.1095505618
2021-01-31,8,11,4,4,45,349862,316941,33353,2592,2648103,49723.03773584906
2021-02-01,11,8,5,2,49,427721,231293,11420,0,1855883,47582.894594594596
2021-02-02,9,16,4,2,41,340741,519681,13921,6223,1589624,44485.59392265193
2021-02-03,9,8,2,3,56,222029,325788,14442,11067,2944479,46024.18539325843
2021-02-04,18,11,4,0,64,652770,450937,13116,0,3100366,45204.3286908078
2021-02-05,16,9,4,0,53,512504,292984,16690,0,2596565,46455.30790960452
2021-02-06,9,10,5,3,54,401747,406584,8422,4893,3004122,49003.154696132595
2021-02-07,8,15,2,1,49,386698,408320,1958,0,2470069,47981.16939890711
2021-02-08,9,7,4,0,47,300254,258523,8626,0,2446084,49866.23351648352
2021-02-09,10,7,4,2,50,391397,454735,5240,5325,2057499,49917.383378016086
2021-02-10,11,16,6,2,49,384748,536185,26221,2277,1888041,47985.64480874317
2021-02-11,17,18,5,7,50,508166,270938,29630,6577,2270945,47537.85511363636
2021-02-12,12,13,6,2,70,431236,566207,21243,4631,3502405,47802.61517615176
2021-02-13,15,13,3,0,56,685106,196094,40557,0,2780664,46942.6064690027
2021-02-14,11,14,5,1,67,260712,387614,5806,3408,3142311,46498.58354755784
2021-02-15,18,25,5,0,74,475193,859198,7198,0,2743748,44196.185096153844
2021-02-16,22,15,7,1,48,668244,691201,10830,5429,2498411,45474.69806763285
2021-02-17,16,16,5,2,56,645493,697449,18703,3294,1973413,44921.37054631829
2021-02-18,15,12,1,3,53,669833,473567,0,3112,2256385,44569.19103773585
2021-02-19,17,14,4,1,55,583452,619019,59005,0,2637100,44088.097799511
2021-02-20,15,15,6,0,46,502277,597839,31762,0,1736379,42575.80701754386
2021-02-21,8,11,2,0,35,261528,507267,1162,0,984586,40408.77929155313
2021-02-22,13,12,2,2,38,525100,513219,6841,6214,1609843,41377.99697885197
2021-02-23,12,9,2,3,48,490374,374142,17614,11704,2864235,42483.20543806646
2021-02-24,12,12,2,1,38,588955,290080,7400,9286,1264316,42660.84345047923
2021-02-25,13,11,2,1,54,428057,248800,2492,0,2539625,43427.019108280256
2021-02-26,10,9,1,2,43,383266,382337,6765,0,1872974,42622.377483443706
2021-02-27,11,12,0,4,44,326233,379226,0,6476,787010,39741.96333333333
2021-02-28,9,8,1,1,23,408445,280738,8038,2277,283992,38965.260416666664
2021-03-01,15,19,1,2,50,551470,497879,7036,0,1912318,38414.9
2021-03-02,13,18,3,3,55,487456,477205,13858,6802,3041187,38115.381107491856
2021-03-03,16,14,5,2,53,852241,437942,22560,2513,2196190,39233.83850931677
2021-03-04,15,7,4,0,60,590356,257418,16193,0,2962995,39806.90853658537
2021-03-05,14,18,3,1,48,567574,687453,5727,1790,2042678,39718.82882882883
2021-03-06,15,11,5,0,41,519564,339877,35127,0,1665733,42742.70606060606
2021-03-07,3,9,1,2,30,168876,191069,0,9664,1025183,44054.255192878336
2021-03-08,9,12,5,1,30,337320,365306,37305,0,715184,43057.25552050473
2021-03-09,9,15,5,4,58,208145,474572,30416,13146,2650278,41432.003125
2021-03-10,7,13,2,0,36,310894,349872,17467,0,1427377,41219.23432343234
2021-03-11,19,10,1,2,62,776305,365168,5968,7636,4030617,44449.34426229508
2021-03-12,11,12,0,1,52,429026,468160,0,0,1531857,42220.80582524272
2021-03-13,11,11,5,2,40,429631,244252,39946,10363,1842282,42931.0974025974
2021-03-14,9,18,4,0,46,222388,738790,3409,0,1569342,42490.5462962963
2021-03-15,12,21,2,1,53,494256,652208,24224,0,2510825,44848.92795389049
2021-03-16,13,17,1,3,60,396118,535860,7610,4214,2980478,45538.04584527221
2021-03-17,5,2,0,1,11,265963,45250,0,0,717284,46860.13888888889
2021-03-18,14,8,1,0,33,604713,260093,17270,0,1185455,41822.11186440678
2021-03-19,14,18,4,3,58,526082,751514,66130,7440,2533109,44314.86710963455
2021-03-20,11,14,4,5,42,328764,376123,38980,6595,2309376,45563.92409240924
2021-03-21,5,7,3,0,28,194543,117063,8940,0,1820005,49321.1649122807
2021-03-22,10,10,1,0,48,378749,230447,2284,0,1576609,46865.41428571429
2021-03-23,12,16,2,5,39,331914,612327,12240,7101,2159101,47493.97297297297
2021-03-24,18,18,3,2,64,558767,518711,19033,4713,3590802,48636.080128205125
2021-03-25,11,10,1,3,39,463262,261705,6491,4380,1872519,49878.99685534591
2021-03-26,13,12,2,2,44,454917,227155,6491,8015,1477698,48704.30921052631
2021-03-27,14,12,3,5,57,322422,345681,11659,4156,2341020,46513.335423197495
2021-03-28,14,14,1,1,49,501398,499030,3363,521,1982433,44118.18235294118
2021-03-29,16,13,5,3,63,480016,386221,15401,6765,1949833,43305.36901408451
2021-03-30,19,16,5,3,65,605071,762093,11424,9022,2787283,41998.9186351706
2021-03-31,18,22,4,2,70,554888,670633,2598,5041,2510258,38555.669250645995
2021-04-01,22,25,6,0,69,615892,1184982,39426,0,3046688,38597.63309352518
2021-04-02,16,18,3,2,61,327712,671867,6752,0,3525728,41804.70737327189
2021-04-03,17,15,6,3,76,374681,591275,83446,4602,4921452,45747.62693156733
2021-04-04,15,13,4,2,72,363566,287248,32784,0,4050696,47882.22268907563
2021-04-05,9,14,4,0,64,161455,293424,6880,0,2525652,48989.00838574424
2021-04-06,14,20,2,2,38,594185,559101,1954,3575,1697305,49506.17555555556
2021-04-07,19,19,0,4,76,535162,598085,0,4804,2994853,49917.48684210526
2021-04-08,13,19,4,1,57,315668,922949,45968,0,2289161,49560.46621621621
2021-04-09,22,21,3,3,81,1076302,635575,3948,6132,2935196,46151.54094827586
2021-04-10,9,16,4,1,61,400613,840533,20656,2060,2425031,42133.39420935412
2021-04-11,13,18,5,1,55,358632,514914,30126,0,2329482,39807.12962962963
2021-04-12,10,14,4,3,46,322248,422993,8919,10996,2851570,42325.115942028984
2021-04-13,2,10,2,2,48,55239,295428,9896,6038,2353705,42874.99528301887
2021-04-14,8,7,5,1,44,266111,203341,67815,0,1809088,43350.08418367347
2021-04-15,18,12,3,3,41,642807,363955,45831,2177,1970984,44348.55319148936
2021-04-16,21,16,3,2,68,728730,758540,7437,10550,3377296,47154.69972451791
2021-04-17,21,17,2,0,65,712988,665955,1599,0,3465852,49476.77656675749
2021-04-18,13,20,3,1,56,425854,651637,13264,0,3524213,52588.88043478261
2021-04-19,21,17,4,0,52,676009,702222,4326,0,2872986,51802.470588235294
2021-04-20,14,17,7,4,49,419728,937230,28958,0,2687893,52555.49866666667
2021-04-21,21,17,3,12,64,635750,727263,7696,20765,2711901,52180.06329113924
2021-04-22,22,17,5,3,67,883416,464918,5927,6154,3080451,51592.85510688836
2021-04-23,19,20,3,1,71,548386,684609,8152,0,2615372,49430.82075471698
2021-04-24,16,30,5,2,69,314584,1025227,56434,3959,3846302,49857.7523364486
2021-04-25,13,16,4,1,61,423087,479266,7369,0,2930365,47910.55427251732
2021-04-26,12,11,2,3,47,517972,387944,699,0,2811880,48327.48598130841
2021-04-27,15,17,6,1,52,412283,437553,104677,0,2835696,48334.03016241299
2021-04-28,13,14,2,3,55,425819,564549,6491,15368,2744200,49441.388625592415
2021-04-29,10,12,5,3,46,334844,210056,70705,12351,1395619,47829.01246882793
2021-04-30,10,11,4,0,36,369042,270834,13127,0,1486693,49319.002732240435
2021-05-01,13,16,6,3,37,365704,492252,16438,8166,1612278,47355.482035928144
2021-05-02,16,14,5,1,64,355347,465677,20153,0,2425582,45436.04747774481
2021-05-03,7,16,2,0,76,259909,597474,8381,0,3502694,43723.39344262295
2021-05-04,12,13,4,6,56,285633,323610,75171,6959,1863927,40624.30540540541
2021-05-05,10,13,1,2,43,540295,340827,226,7573,2465977,41208.85474860335
2021-05-06,12,17,5,1,63,453069,611233,22186,0,4594364,47870.706666666665
2021-05-07,22,13,5,4,64,782424,569777,30403,2106,2558909,47205.287841191064
2021-05-08,15,24,3,3,72,362762,1367217,17850,2106,2631117,45759.292237442925
2021-05-09,10,14,2,1,56,436811,725112,9692,0,2741831,47346.090697674415
2021-05-10,14,16,2,3,45,460644,343285,29410,7884,2209260,47782.91979949875
2021-05-11,14,27,3,3,67,363690,767177,8477,3128,3353633,50134.36829268293
2021-05-12,21,29,5,4,61,756071,1076285,26552,14505,3414136,50241.23831775701
2021-05-13,13,15,7,4,78,255577,566338,31406,6989,3873657,46913.18961625282
2021-05-14,21,12,5,1,72,624643,166478,22951,0,3084470,47246.35033259424
2021-05-15,8,7,0,0,55,250394,363605,0,0,2964358,49864.85023041475
2021-05-16,10,17,5,0,33,500099,858108,25009,0,1708832,50141.96107055961
2021-05-17,14,22,5,4,54,355219,658317,6481,11258,2527740,49825.776190476194
2021-05-18,16,13,4,2,59,316463,458461,1137,2577,3694218,51619.929611650485
2021-05-19,12,17,3,4,60,383359,575563,7337,12673,2652166,49891.58394160584
2021-05-20,13,23,5,2,56,611868,773089,15799,3367,2940074,50313.25964010283
2021-05-21,18,24,6,2,64,535096,1265605,13415,0,3809597,53272.92650918635
2021-05-22,14,21,3,1,72,332314,1336172,12225,0,3479161,52290.92462311558
2021-05-23,13,12,5,1,70,327046,307727,43342,5189,2352651,49323.23448275862
2021-05-24,12,12,7,5,62,243721,567255,36271,9682,2471372,48305.27990970654
2021-05-25,11,10,4,4,52,401282,296014,19169,2523,3086801,47687.66513761468
2021-05-26,13,12,4,1,42,378453,412317,24859,1910,1566311,47143.461722488035
2021-05-27,24,16,4,2,64,889092,538693,67092,7385,2856210,46061.27464788732
2021-05-28,18,23,5,1,55,699193,622919,36438,0,1978777,42664.94724220623
2021-05-29,12,23,2,3,53,567425,1159010,8502,3526,2255840,41628.04522613066
2021-05-30,15,15,1,1,54,632353,474844,0,5436,2507268,43776.384816753925
2021-05-31,19,17,7,1,65,688645,758450,26530,5436,3149151,45195.73506493506
2021-06-01,20,28,4,1,67,594937,950916,11273,0,3486543,44500.25
2021-06-02,16,12,4,3,75,508052,561611,11340,2183,2921400,44238.31177829099
2021-06-03,20,14,3,3,80,614364,567426,11503,10895,3959378,45118.835189309575
2021-06-04,16,14,0,3,50,398409,248901,0,2511,2659466,47160.01351351351
2021-06-05,24,18,2,2,65,751858,647701,2306,0,4179104,50136.64473684211
2021-06-06,17,27,1,2,53,730205,1166253,7799,0,2346751,49894.05054945055
2021-06-07,13,15,1,2,67,276619,561456,1554,0,3081619,49527.92341356674
2021-06-08,10,14,2,2,61,274421,457411,1391,6032,3179974,49507.07760532151
2021-06-09,18,21,6,0,57,692310,825203,32255,0,3311725,52466.5519630485
2021-06-10,20,29,4,3,53,567190,846680,17988,2374,2319575,51916.78325123153
2021-06-11,16,20,5,2,65,534166,462603,17501,0,2967411,50798.477434679335
2021-06-12,23,19,6,4,55,825433,658102,32649,0,2464989,47863.85401459854
2021-06-13,10,15,3,4,49,518909,623018,27157,0,1485233,46217.5085995086
2021-06-14,12,15,4,2,45,519377,582962,16842,4311,3111222,48935.4
2021-06-15,18,21,6,1,54,453470,822599,14089,0,2713447,48607.4126984127
2021-06-16,20,23,5,2,67,588658,577676,3537,3229,2728029,45850.27319587629
2021-06-17,18,18,4,1,71,438313,802741,18910,3813,3097089,45732.56157635468
2021-06-18,17,13,1,2,89,613361,504101,7171,521,3842512,45215.16511627907
2021-06-19,20,18,1,2,63,585415,739918,925,6223,3105879,45852.536529680365
2021-06-20,17,20,8,2,64,655174,1151961,41416,6223,2911116,47481.88520971302
2021-06-21,16,18,1,0,76,381915,562086,0,0,3493398,45230.30991735537
2021-06-22,17,14,3,1,74,520330,475952,21952,4452,3681459,45356.11507936508
2021-06-23,20,19,2,4,65,761019,530330,11085,6303,3677390,47427.97410358566
2021-06-24,18,19,2,3,70,519493,817775,11375,4406,3332938,47993.39720558882
2021-06-25,17,24,4,6,79,561537,801104,14331,8994,3079948,47417.77596741344
2021-06-26,14,22,7,3,60,384048,951379,18786,2617,2510394,46489.022540983606
2021-06-27,16,16,2,1,57,443885,591580,1318,0,3447063,48279.81288981289
2021-06-28,14,14,1,1,60,478294,658528,314,5471,3180207,49267.5247311828
2021-06-29,17,20,1,1,67,541672,612464,4947,0,2972240,48472.008733624454
2021-06-30,14,17,4,2,64,467546,570980,20381,10443,2506105,46015.0875273523
2021-07-01,19,17,6,3,68,521903,845918,22013,4493,2678547,44779.12967032967
2021-07-02,25,14,2,0,78,812281,292342,3297,0,3849598,46573.02643171806
2021-07-03,19,17,5,2,64,875202,380977,50835,0,4087715,49610.20742358079
2021-07-04,12,22,4,5,58,295680,844474,40359,1643,2675477,47821.10893246187
2021-07-05,18,21,4,2,62,362860,1105869,26646,1643,2761119,46704.55748373102
2021-07-06,13,16,4,1,58,471790,603475,24038,5440,1832158,45112.21017699115
2021-07-07,11,17,2,5,50,334915,515184,15566,22990,3223582,48192.22831050228
2021-07-08,17,17,2,2,60,335564,668750,18770,18489,2565996,48827.08139534884
2021-07-09,24,17,4,5,66,931555,728619,3361,0,2847090,47830.47129186603
2021-07-10,14,11,5,2,60,464217,533984,38002,0,2348042,44090.49275362319
2021-07-11,15,11,2,2,67,387933,273626,21456,1125,2840348,43542.16312056738
2021-07-12,14,12,4,3,65,429881,221101,5612,10148,2928375,43628.14788732395
2021-07-13,12,20,3,1,53,469982,827105,5261,2177,3105276,47170.33016627078
2021-07-14,12,16,1,2,58,386312,701186,16596,8992,2469218,44532.27272727273
2021-07-15,13,13,2,1,38,439512,305483,1810,3820,2184612,46002.36117936118
2021-07-16,14,17,3,3,57,424457,331037,24810,7152,2906319,47191.43216080402
2021-07-17,12,14,0,2,63,278901,329508,0,0,2274584,46655.192019950126
2021-07-18,10,10,2,2,60,217642,242335,2451,0,2210392,45885.21827411168
2021-07-19,16,14,5,1,71,652385,383798,29815,6845,3949387,47749.47
2021-07-20,15,14,3,1,61,570224,442822,29246,0,2236849,44684.708333333336
2021-07-21,7,10,6,0,51,199461,365012,18258,0,2261016,44945.53366583541
2021-07-22,17,17,0,3,63,398361,358539,0,8976,2583367,43243.92957746479
2021-07-23,20,20,2,1,73,652612,370730,3834,3496,4747294,45843.64027149321
2021-07-24,17,19,7,3,51,555969,513481,55484,4660,2076341,46661.96744186046
2021-07-25,9,14,5,3,59,596683,646805,27958,4091,2563695,47594.28671328671
2021-07-26,16,17,3,1,61,619426,601395,7816,0,3557492,47794.878281622914
2021-07-27,13,15,3,4,62,225826,559001,3177,10674,3676349,51108.461904761905
2021-07-28,16,12,1,1,77,470072,289715,999,0,3599214,51129.488789237665
2021-07-29,20,13,4,3,56,841690,503980,22692,0,3072600,53059.191343963554
2021-07-30,18,17,3,0,61,615699,978894,51225,0,1900602,47883.59016393442
2021-07-31,12,14,0,3,70,427348,498470,0,4175,3373596,48752.34977578475
2021-08-01,14,20,5,1,65,456690,731655,45677,0,2487515,47936.654867256635
2021-08-02,16,17,3,1,65,473869,436779,21568,2596,2946529,46176.32675438596
2021-08-03,25,20,3,1,62,701340,689218,37139,4175,3668016,46158.05263157895
2021-08-04,8,26,4,2,74,371969,631752,61713,4342,3017878,45180.432671081675
2021-08-05,12,27,3,3,67,337735,889968,14498,3579,3382787,44777.85129310345
2021-08-06,19,29,3,4,69,612281,1082744,999,9810,3200289,46772.47881355932
2021-08-07,14,30,4,2,63,377785,1414317,26324,0,1786399,44063.25376344086
2021-08-08,13,8,3,1,49,368744,218033,11874,0,2664228,46027.006681514475
2021-08-09,11,19,6,1,50,303643,436939,29247,0,2257042,46029.12211981567
2021-08-10,17,21,3,0,59,443223,457252,10075,0,3646861,46300.42691415313
2021-08-11,13,14,2,2,48,393803,503946,366,8849,2139574,47104.148148148146
2021-08-12,17,17,6,5,52,649251,868503,37617,16458,3082390,48145.597435897434
2021-08-13,12,14,6,5,50,428839,755664,63808,16966,3289077,50850.59568733154
2021-08-14,18,18,6,2,64,382604,646138,20489,5113,3081172,54194.47311827957
2021-08-15,11,20,4,1,62,250648,906608,3021,0,3609441,54819.62857142857
2021-08-16,13,18,4,0,49,324565,841651,4968,0,1973291,54223.453125
2021-08-17,11,8,1,1,48,329017,222823,0,0,2143933,51793.23860589812
2021-08-18,11,9,6,3,42,466726,318507,44479,14676,1980929,52207.719346049045
2021-08-19,16,16,3,2,51,414474,456893,24113,8664,3453851,53365.284153005465
2021-08-20,10,13,1,4,62,350948,536900,0,13908,3810868,53051.54761904762
2021-08-21,19,21,3,1,72,615434,973499,12973,0,4819845,56456.367875647666
2021-08-22,15,14,4,2,55,439237,578020,8716,0,3489072,57181.50131926122
2021-08-23,10,13,2,3,46,325176,577375,6996,0,1990754,57684.18085106383
2021-08-24,14,15,4,1,45,325685,638837,20947,5211,2373028,58762.32439678284
2021-08-25,10,14,3,3,53,236017,387419,42584,4346,2636476,58786.182291666664
2021-08-26,15,19,3,1,67,366265,439009,35555,3496,3334098,56135.3525
2021-08-27,15,22,3,2,69,436163,630606,11888,0,2827815,52754.51597051597
2021-08-28,16,22,3,1,60,414915,820556,17017,0,2111755,47501.26075949367
2021-08-29,16,20,5,2,64,581498,815016,7124,6223,3350541,46100.16584158416
2021-08-30,14,14,6,0,66,350461,351706,6465,0,3674157,47895.91981132075
2021-08-31,12,19,5,2,67,379683,505305,27511,0,2725188,46322.93721973094
2021-09-01,18,18,3,3,57,651523,595745,19916,4961,2520713,45653.926666666666
2021-09-02,9,16,1,3,53,473168,645409,999,4751,2986914,46323.58486238532
2021-09-03,17,21,3,2,55,652011,604757,11244,2497,3662271,49837.770142180096
2021-09-04,14,15,2,1,59,367347,413692,22504,2520,3253349,52667.77434679335
2021-09-05,11,9,2,1,49,356477,346775,19791,2520,2538154,52612.67487684729
2021-09-06,14,20,4,0,52,388043,792218,7835,0,3029681,52847.62755102041
2021-09-07,14,18,2,2,54,384178,664903,5558,2389,2198966,53271.8944591029
2021-09-08,17,19,3,2,68,440192,830649,10534,1251,3445147,54139.69743589743
2021-09-09,16,19,4,1,70,636320,838964,31739,1251,3118536,52201.72972972973
2021-09-10,14,17,0,3,56,482688,667165,0,0,2638759,49565.17647058824
2021-09-11,15,18,2,1,49,397477,471999,17402,4953,2376179,48606.58793969849
2021-09-12,17,14,2,2,58,578846,472997,12324,2611,1919569,46011.88452088452
2021-09-13,13,15,1,1,59,409166,565093,4532,0,3425533,46190.07004830918
2021-09-14,21,18,3,2,62,601021,749953,41509,5627,2591571,46244.77251184834
2021-09-15,16,21,2,5,65,609507,581990,19568,6330,3494626,46693.96897374702
2021-09-16,19,21,1,3,60,749762,869861,0,8387,4254063,50611.9804400978
2021-09-17,18,24,3,2,63,676067,777201,10105,0,3256891,51246.230769230766
2021-09-18,12,15,6,2,60,240827,296904,31326,4061,3102288,51626.559718969555
2021-09-19,10,13,5,1,63,438360,632771,38403,3890,3203191,54000.37731481482
2021-09-20,11,14,2,1,63,282843,455456,26004,3890,2885534,52266.43119266055
2021-09-21,19,14,5,0,52,546194,276856,47585,0,2111759,52367.0234741784
2021-09-22,22,22,5,1,59,677426,1110279,23333,0,2921575,51750.71666666667
2021-09-23,12,19,3,2,59,426664,766879,18239,0,3278554,49546.04295942721
2021-09-24,19,19,4,5,66,753201,738853,20210,16280,3413562,49565.078199052135
2021-09-25,18,11,3,1,51,608789,429464,23572,5503,2181648,48416.03631961259
2021-09-26,15,11,2,1,68,672861,396030,4211,0,2901798,47115.861244019135
2021-09-27,17,17,2,2,50,472956,1056776,4561,3547,2955620,48801.27407407408
2021-09-28,17,16,3,3,62,368800,514845,39866,12866,2981646,49721.453012048194
2021-09-29,18,23,8,4,65,756198,692548,124318,9318,2501687,48015.47505938242
2021-09-30,20,21,4,2,67,410274,719222,47582,3878,3191942,46918.18881118881
2021-10-01,9,15,0,2,35,252456,659715,0,0,1584815,45977.778894472365
2021-10-02,8,11,1,3,49,180160,342693,5735,11070,742067,42574.68434343435
2021-10-03,10,5,0,0,54,338523,229218,0,0,2544896,43200.714659685866
2021-10-04,16,17,2,3,61,523194,669347,21154,6223,3649635,43757.47582697201
2021-10-05,19,20,4,2,59,719898,636154,16518,0,3876877,46389.5358974359
2021-10-06,13,15,11,4,69,309811,528013,80338,4110,2997071,47175.895939086295
2021-10-07,17,18,4,3,58,681640,629685,15017,4110,2721839,47057.66233766234
2021-10-08,20,24,4,1,87,570950,730648,38842,0,3988106,46957.64530892448
2021-10-09,17,17,4,2,79,546557,345654,45013,7573,4414480,51804.93361884369
2021-10-10,19,20,4,1,59,443223,422277,19024,4199,3170296,52581.15254237288
2021-10-11,4,9,2,1,24,66706,278081,21682,1268,1545584,52216.67356321839
2021-10-12,7,16,2,2,39,220254,326249,14732,1268,1922993,50024.98554216867
2021-10-13,20,20,8,1,51,454393,568529,55594,0,2288078,50507.244332493705
2021-10-14,13,20,5,4,74,314559,630384,25852,0,3284556,49913.058111380145
2021-10-15,16,20,5,0,82,523088,499072,19345,0,4019067,50600.62254901961
2021-10-16,11,15,3,1,54,386272,421741,35088,0,2098759,47857.26631853786
2021-10-17,10,21,4,0,53,327119,545452,42414,0,3976289,50756.83289124668
2021-10-18,13,16,1,0,73,519685,420726,14595,0,3718394,50019.09859154929
2021-10-19,16,16,1,2,55,405500,440820,17660,2469,2331688,49133.10180995475
2021-10-20,20,21,4,1,61,641504,507581,18577,0,3257038,50189.80309734513
2021-10-21,15,17,3,0,56,520171,657821,22406,0,1928925,49147.83410138249
2021-10-22,10,11,2,2,50,356274,553780,1890,4493,2266206,48699.748756218905
2021-10-23,16,20,4,2,50,449457,570367,32016,5852,1670610,48113.44221105528
2021-10-24,10,23,2,3,62,156941,840039,15634,10207,2772862,44092.685503685505
2021-10-25,9,15,2,3,56,393078,764551,9820,9249,3001139,44175.55897435897
2021-10-26,7,13,3,1,33,412969,308857,32023,2404,1937395,45745.04076086957
2021-10-27,4,15,2,0,50,127915,343018,25958,0,1987753,43599.13165266106
2021-10-28,10,14,3,1,43,291478,289074,32288,7872,2590202,47169.09011627907
2021-10-29,12,14,2,3,32,511050,226360,15922,0,2727282,51187.86196319018
2021-10-30,9,10,0,3,50,243194,272427,0,0,2420122,53486.97852760736
2021-10-31,12,15,1,3,60,377162,835652,0,0,2513888,53017.84259259259
2021-11-01,9,21,4,3,75,223591,621083,16352,5698,2997648,50070.816326530614
2021-11-02,18,22,4,0,64,703036,984681,3956,0,3313767,49600.70053475936
2021-11-03,15,20,2,2,51,408290,933118,20936,1833,3075379,52368.768
2021-11-04,13,10,1,2,57,324586,262718,0,1833,2433767,50081.88431876607
2021-11-05,12,13,1,2,56,429281,442795,449,9500,2348757,46255.03147699758
2021-11-06,12,9,2,2,39,388566,368159,25247,2983,1173582,44419.87064676617
2021-11-07,7,11,1,1,25,240577,273107,12626,0,1295525,45336.307901907356
2021-11-08,3,14,2,1,23,32717,440911,11571,0,720588,45591.63492063492
2021-11-09,18,12,4,2,46,604967,460682,26879,2856,2476104,45534.35016835017
2021-11-10,16,21,5,1,63,579950,816465,43299,0,2248481,41089.98058252427
2021-11-11,12,23,6,1,75,455406,865734,55914,0,3916259,43361.76146788991
2021-11-12,14,18,4,2,45,607290,630314,16932,0,2767879,46197.5253164557
2021-11-13,17,25,2,1,56,629488,687616,3379,0,2772411,48640.38138138138
2021-11-14,12,20,1,2,64,219774,469636,999,3267,3473314,49395.25806451613
2021-11-15,14,17,4,2,57,400223,602406,9645,3213,2111607,48684.8645320197
2021-11-16,16,16,2,2,72,458587,316831,4118,6437,4771136,51067.33101851852
2021-11-17,16,11,2,1,67,742565,325826,2179,0,2826230,51923.935779816515
2021-11-18,20,24,2,1,42,698740,955676,10888,3818,1394544,49918.41439205955
2021-11-19,11,20,2,5,59,402239,678479,3862,11557,2998968,48796.666666666664
2021-11-20,9,17,2,2,67,262147,727995,9264,7849,3436306,49093.70327102804
2021-11-21,14,25,2,1,70,424648,950901,7365,2780,2571943,46338.096774193546
2021-11-22,12,19,4,1,58,361595,503426,27703,0,4118863,50845.9540229885
2021-11-23,11,15,7,4,63,379291,359797,64881,14663,3198749,48229.11502347418
2021-11-24,17,18,6,2,59,447714,1104053,45630,0,2399810,48132.016746411486
2021-11-25,10,13,4,1,45,230104,716749,22406,0,2356529,50074.03325415677
2021-11-26,13,19,5,0,52,394847,375801,36279,0,2444477,49581.34541062802
2021-11-27,16,20,7,5,57,768307,588753,59630,2889,3249046,50345.091584158414
2021-11-28,6,8,0,0,25,59910,317371,0,0,1265596,53016.90807799443
2021-11-29,7,22,5,3,53,219008,783730,24735,5327,2747555,49891.983050847455
2021-11-30,13,21,4,1,49,584908,713505,9786,1571,2330480,49392.626470588235
2021-12-01,8,17,3,5,68,265575,628227,12330,7573,3214499,50453.24355300859
2021-12-02,14,23,3,3,56,425386,885647,5380,10462,3215268,51297.00277777778
2021-12-03,13,16,2,1,76,449805,579444,6691,0,4411422,53213.192708333336
2021-12-04,14,17,7,1,56,318975,657554,25265,4661,2506446,51413.227154046996
2021-12-05,10,18,7,0,54,454011,613960,68480,0,3534631,53301.70145631068
2021-12-06,9,10,2,1,50,325229,399718,7007,0,2619928,53380.62102689486
2021-12-07,5,15,1,1,68,198029,475128,0,0,2870471,52272.581775700935
2021-12-08,6,14,0,1,41,123562,479061,0,3406,2949058,55130.23441396509
2021-12-09,14,17,3,2,59,508496,637895,42622,3294,2570542,53124.99504950495
2021-12-10,12,20,3,2,68,387519,766950,35269,5858,4592266,54654.90404040404
2021-12-11,11,10,1,1,48,359663,346932,295,0,2490718,55741.27319587629
2021-12-12,12,6,3,1,49,728167,217416,6829,4681,2799565,54549.73368146214
2021-12-13,5,14,3,2,45,237768,528913,16438,8800,3665464,58037.25925925926
2021-12-14,14,11,4,4,54,396086,487895,28899,8491,2391229,58952.86263736264
2021-12-15,12,14,5,3,65,338586,681691,24716,10662,3128732,55769.37113402062
2021-12-16,9,14,3,0,37,411919,489985,44102,0,1673578,56670.907103825135
2021-12-17,9,18,7,4,44,302823,647836,36565,0,1941251,52896.30701754386
2021-12-18,14,23,6,2,70,329501,317309,45215,8702,3697293,53014.043956043955
2021-12-19,13,17,7,2,68,427570,801381,85454,0,2717749,50170.48563968668
2021-12-20,15,13,3,1,60,388001,825397,14565,4610,2477413,45294.58542713568
2021-12-21,9,14,0,3,45,488384,325875,0,4388,1722252,44622.7969151671
2021-12-22,10,19,3,1,52,486420,730193,21685,2306,3588888,47389.425531914894
2021-12-23,11,12,5,4,46,513397,566938,18331,6134,990531,44507.472727272725
2021-12-24,11,14,3,2,55,336402,610627,9226,0,3104120,46207.69191919192
2021-12-25,22,23,1,1,66,676343,658481,8273,4393,3631789,46512.09693877551
2021-12-26,16,22,2,1,54,665545,1088603,6437,0,2819878,48504.949735449736
2021-12-27,6,11,3,0,54,247622,415186,4443,0,2753280,50028.86559139785
2021-12-28,6,18,5,0,53,119113,688304,17229,0,3070520,52523.7
2021-12-29,10,11,4,2,41,506751,254585,11341,3826,2722510,51741.539295392955
2021-12-30,14,16,2,2,56,416927,387968,20422,3826,3338100,56570.44063324538
2021-12-31,11,14,3,2,61,569884,241277,19341,4446,2044237,52935.88051948052
2022-01-01,10,10,3,2,46,246890,564537,20913,0,2953801,53978.975342465754
2022-01-02,11,16,1,3,63,342507,641201,366,3513,2993746,53144.90374331551
2022-01-03,12,7,2,1,61,479202,210283,3877,3058,3951293,55312.87926509186
2022-01-04,10,15,4,2,58,318518,616172,20453,8640,2702986,53644.23056994819
2022-01-05,9,16,6,4,52,331115,426788,33546,3352,3090487,53084.76070528967
2022-01-06,13,12,3,3,51,481372,420198,9022,5075,1828216,49910.11734693877
2022-01-07,13,9,3,1,50,636182,302731,20546,1555,3223882,54447.27296587927
2022-01-08,9,19,2,1,53,300413,795242,16331,0,2855111,53210.62113402062
2022-01-09,9,16,2,1,73,158099,734913,39008,0,3908021,54170.84422110553
2022-01-10,10,15,3,3,66,171492,375284,42989,3352,3512875,52410.8635235732
2022-01-11,14,9,2,4,56,431756,374740,16761,9784,3166690,53828.633416458855
2022-01-12,16,21,4,2,54,532608,792099,51780,8587,2759034,52739.029776674935
2022-01-13,9,14,2,2,70,278737,627684,8320,3277,2765679,52586.0
2022-01-14,10,20,5,2,64,213577,701503,42013,7570,3323842,51126.7247706422
2022-01-15,13,13,3,2,53,365141,409539,11863,4169,3063018,51603.5756880734
2022-01-16,14,19,5,2,58,548473,733252,32893,0,2498923,50095.1567695962
2022-01-17,6,20,5,0,57,149394,760150,59122,0,3537352,51248.8786407767
2022-01-18,17,16,4,2,69,387986,785579,12261,5821,3027936,49354.78588235294
2022-01-19,17,20,2,2,60,511536,917690,5206,3240,2611896,48326.32482598608
2022-01-20,16,15,1,4,60,554207,309574,1081,6257,4638191,53921.99049881235
2022-01-21,11,13,0,1,58,283629,348480,0,4751,2499894,52716.1686746988
2022-01-22,13,15,3,2,43,744955,673018,8829,7942,2083340,51598.84444444445
2022-01-23,14,19,2,2,49,391808,600332,3591,2403,2216520,52058.406565656565
2022-01-24,6,24,1,4,57,371820,685782,0,4613,2764241,50106.106060606064
2022-01-25,9,19,3,4,67,290078,690735,8189,4920,4188565,53306.210659898476
2022-01-26,19,20,4,1,68,801048,758287,19885,0,2660359,52365.94527363184
2022-01-27,16,13,4,2,76,616798,493264,16174,0,3462893,47549.78947368421
2022-01-28,8,8,7,3,47,167128,381011,4457,22771,2806780,49588.93857493858
2022-01-29,14,9,4,1,64,447907,350469,20655,0,2541853,48227.128504672895
2022-01-30,16,23,3,1,65,730425,615719,10193,3243,2524951,47183.87837837838
2022-01-31,14,27,3,1,58,639242,1275868,4266,0,2766036,47081.88089887641
2022-02-01,21,22,6,2,65,541870,822879,16409,0,2857068,44288.80361173815
2022-02-02,13,18,5,3,66,322977,585442,14781,2354,3422033,46216.81179138322
2022-02-03,13,21,7,1,80,464825,947798,32607,3406,3891770,46765.14831460674
2022-02-04,20,13,5,3,73,643161,294663,24142,0,3399214,45441.454352441615
2022-02-05,17,17,8,4,73,533787,500642,20556,1915,4020556,47670.058333333334
2022-02-06,12,18,3,2,61,566779,585190,20598,0,3466483,50048.65546218488
2022-02-07,10,16,1,1,58,233271,278114,0,7861,2606544,49713.58823529412
2022-02-08,18,25,3,4,64,578643,823906,348,17536,2673319,49431.408421052634
2022-02-09,17,20,6,0,70,717658,492848,16926,0,4228803,50702.899791231735
2022-02-10,18,20,4,5,66,543641,863103,18236,0,3709881,51838.279569892475
2022-02-11,16,29,2,5,79,459549,1041749,15185,9185,4926988,54421.6008492569
2022-02-12,17,25,3,3,75,544155,1081690,13138,1111,3799330,53723.780126849895
2022-02-13,19,17,5,2,61,864963,736038,51632,4290,2711493,52127.6067653277
2022-02-14,13,15,2,0,65,422479,608119,18897,0,3367991,52953.760416666664
2022-02-15,11,20,6,3,74,213849,787665,53971,0,3697085,53962.38979591837
2022-02-16,23,28,9,1,66,851022,571722,32633,3275,3323877,52544.53703703704
2022-02-17,19,23,6,1,65,671646,724829,21894,5034,3274317,51754.80618556701
2022-02-18,17,24,6,1,64,474384,832434,41423,0,3593301,50568.92340425532
2022-02-19,24,27,7,6,64,987898,1004401,29323,2279,3017438,50077.34640522876
2022-02-20,15,16,3,6,79,514138,846502,13633,8719,3282149,49383.979035639415
2022-02-21,14,13,2,2,77,380909,521195,27727,8919,4056981,49581.079754601225
2022-02-22,10,10,1,2,53,310077,591210,6615,0,2290782,48800.95085470085
2022-02-23,23,13,5,2,74,566362,548734,13796,0,2670009,46607.09453781512
2022-02-24,20,24,6,3,60,694762,634838,28853,5687,2958343,46431.0042462845
2022-02-25,13,23,6,5,83,362275,769056,39063,9028,4107820,45680.65714285714
2022-02-26,14,22,3,1,74,410741,791219,3846,5340,3620892,45973.952
2022-02-27,23,15,5,1,71,590690,699326,9646,0,3345416,46850.08739837398
2022-02-28,17,14,4,2,49,579198,535371,33061,3823,1213990,43550.112068965514
2022-03-01,18,15,5,3,56,568591,593075,19146,5147,2467138,43647.98286937901
2022-03-02,16,15,4,1,68,266995,537820,13931,2695,3429156,45862.80911062907
2022-03-03,23,21,4,2,72,578456,493555,21018,3597,5203996,49446.95137420719
2022-03-04,14,21,6,2,71,471968,880924,72477,0,3518045,49454.73535791757
2022-03-05,12,18,4,3,63,383761,794100,28134,4169,4083153,51690.875555555554
2022-03-06,17,22,3,4,70,387394,856069,29322,0,3614676,52405.68819599109
2022-03-07,14,17,5,2,62,542394,736255,36585,0,2876753,54530.12337662338
2022-03-08,14,11,3,3,53,592226,442439,9722,2493,2867619,55759.03703703704
2022-03-09,15,17,3,4,57,449311,691903,23327,6542,3659064,57641.30803571428
2022-03-10,12,18,3,3,51,424890,641891,5940,6732,2123582,53262.04215456674
2022-03-11,11,20,4,1,55,301672,662308,8137,0,2603551,53110.45742092458
2022-03-12,22,25,7,3,65,520462,738079,14086,0,4034174,52734.67070217917
2022-03-13,14,27,5,4,87,568474,811978,15896,9490,4405280,52488.42558139535
2022-03-14,17,27,8,4,77,464799,1112139,55214,4799,2892770,50755.14606741573
2022-03-15,19,26,5,2,71,521988,848400,29262,0,3679297,50535.02807775378
2022-03-16,11,22,7,2,80,451200,1014851,23826,2519,4309061,49480.89506172839
2022-03-17,14,24,5,2,57,442560,1134516,32675,4071,2558962,49762.38821138212
2022-03-18,5,17,2,2,47,127829,522121,8404,0,2697507,50779.03099173554
2022-03-19,18,20,3,2,62,611553,678148,13654,2520,3040509,49029.908523908525
2022-03-20,12,16,10,1,69,304134,551973,42270,0,2911515,47709.764578833696
2022-03-21,12,29,6,2,77,405924,1344181,58310,9542,3386138,48775.35421166306
2022-03-22,15,21,8,1,78,444548,667889,41306,3829,4207101,49171.9
2022-03-23,16,18,4,4,82,477497,524985,15686,3321,3912041,48122.40042372881
2022-03-24,9,15,4,2,45,419674,397703,19509,0,2349359,48922.108695652176
2022-03-25,18,25,6,0,63,815130,1307215,21115,0,3617090,49209.565126050424
2022-03-26,21,13,5,2,82,708591,451065,9150,5324,4392414,49950.92338709677
2022-03-27,17,11,11,2,74,418085,206406,42552,0,2758375,49146.74251497006
2022-03-28,11,18,2,1,53,322064,457667,5235,0,2549857,49866.3249475891
2022-03-29,13,15,4,0,52,392917,625498,18145,0,2286131,48481.745011086474
2022-03-30,16,24,2,4,47,289034,1054523,9198,11422,1926693,47788.26682692308
2022-03-31,19,24,4,2,82,489616,914504,32920,0,5728700,51344.94481236203
2022-04-01,21,20,3,3,88,907853,887454,17216,18898,4225377,49932.10669456067
2022-04-02,16,16,4,2,51,528611,579222,13584,0,2280752,48670.8836689038
2022-04-03,21,18,3,1,83,664330,577728,7414,0,4117085,50689.90131578947
2022-04-04,14,22,7,4,82,488149,620267,48159,8523,5861021,54486.101030927835
2022-04-05,21,27,2,3,72,651950,818178,2594,8425,2365974,52486.34059405941
2022-04-06,22,28,4,1,91,701270,951922,28597,0,4066194,52176.87249544627
2022-04-07,14,19,7,2,86,430537,531322,62650,0,4547355,49663.215189873416
2022-04-08,17,17,4,2,69,496959,322342,47893,0,3482348,50038.81835205993
2022-04-09,18,19,6,1,60,640995,658149,43975,2262,4216381,52774.13996316759
2022-04-10,14,20,5,1,49,514455,791157,19459,0,3217183,54531.347740667974
2022-04-11,17,17,3,1,66,381842,759649,22247,1939,3283460,51072.80933062881
2022-04-12,12,26,3,0,74,195825,960404,17222,0,2983025,52113.02222222222
2022-04-13,21,27,8,4,66,665956,1003916,44739,12690,3428595,53528.39787234043
2022-04-14,18,19,8,3,77,565285,713930,80838,2219,3905295,53180.66594360087
2022-04-15,19,11,3,0,80,496346,426755,2091,0,2495703,49850.936440677964
2022-04-16,19,12,6,5,66,816504,456828,13400,2522,2965491,46608.26778242678
2022-04-17,14,20,7,2,77,440180,898205,25555,0,5002859,47558.1581027668
2022-04-18,12,26,3,4,68,471471,789466,18250,6737,3078774,46967.996062992126
2022-04-19,20,15,5,2,70,522362,474863,25714,1786,4042348,49442.58928571428
2022-04-20,18,18,7,2,75,565471,632684,25714,7319,3676714,49058.83820662768
2022-04-21,20,27,4,1,63,422447,641949,22381,0,3066747,48754.78156312625
2022-04-22,18,25,2,1,79,594375,447618,0,0,3616624,51103.5281124498
2022-04-23,18,21,4,5,86,608920,625895,14414,10499,3872806,50881.99227799228
2022-04-24,19,27,3,2,62,458563,823754,24821,10499,3170777,48757.03777335984
2022-04-25,18,20,5,2,70,593543,687505,7796,8206,3094794,48595.66336633663
2022-04-26,25,16,4,3,95,674670,470890,25734,4406,3911135,46055.84339622642
2022-04-27,21,18,5,2,81,735632,580129,29184,4518,3693733,45572.0447761194
2022-04-28,25,19,7,1,69,676669,626214,71407,0,3839464,46493.23431734317
2022-04-29,21,19,5,2,74,581534,761831,31670,10124,4324871,48245.0279329609
2022-04-30,13,16,3,3,70,494968,786493,16321,8172,2765550,47601.3896353167
2022-05-01,11,20,4,2,67,340571,857022,26330,0,2192359,45288.79467680609
2022-05-02,18,19,2,3,72,457176,656198,3817,0,3916414,46673.344696969696
2022-05-03,17,13,4,0,79,488726,622111,25162,0,4214672,48724.732421875
2022-05-04,15,16,4,6,63,508109,485321,24732,3532,2055493,47183.85222672065
2022-05-05,11,26,7,3,83,375821,763446,45992,4307,3624907,45461.15354330709
2022-05-06,26,27,4,2,86,954223,825086,19446,0,3861541,43521.03076923077
2022-05-07,32,19,4,2,79,750276,642512,5691,3938,4057299,45222.466918714556
2022-05-08,25,27,3,3,71,628594,1181218,19967,5434,4156863,48568.834896810506
2022-05-09,18,23,1,2,70,428103,714152,0,0,3031463,47085.193973634654
2022-05-10,15,24,5,1,54,273706,603795,10945,0,2765977,46548.50395256917
2022-05-11,6,6,0,3,29,177448,172898,0,9417,1609476,48956.622881355936
2022-05-12,10,7,1,0,34,189103,187209,2909,0,1659017,49980.22695035461
2022-05-13,12,14,2,0,38,470039,551020,3625,0,1886097,51109.84533333333
2022-05-14,15,16,4,5,67,446134,576879,13350,20723,2292921,47938.881542699724
2022-05-15,11,15,3,5,57,385507,510020,9982,6333,2672761,45609.4899713467
2022-05-16,16,15,4,0,55,423595,526795,13844,0,1999269,44567.41916167665
2022-05-17,20,22,3,2,66,549091,752057,4250,7816,3923402,46366.887283236996
2022-05-18,16,20,6,5,76,548009,587441,29104,9238,3239409,44969.150127226465
2022-05-19,15,27,7,1,71,429339,941322,23051,0,3314773,44950.306976744185
2022-05-20,16,12,10,6,50,499576,336139,40316,4909,2182688,44400.95701357466
2022-05-21,21,23,7,1,66,795977,744132,24996,4909,3104788,46342.60770975057
2022-05-22,9,6,4,1,64,184595,269343,16511,5310,4030163,48648.419642857145
2022-05-23,9,16,4,0,77,268216,505792,29441,0,3571471,49716.370212765956
2022-05-24,15,16,1,0,55,589501,479647,756,0,3402314,49772.56209150327
2022-05-25,21,20,3,3,65,609834,910553,2172,0,3128150,50746.310267857145
2022-05-26,11,21,5,1,71,294726,956195,23039,0,2069248,47966.12053571428
2022-05-27,18,23,2,5,80,591127,781964,1128,5000,4048759,48859.60878661088
2022-05-28,21,24,0,1,75,816412,879721,0,6404,3344480,48448.839835728955
2022-05-29,16,23,3,5,79,448146,705445,1415,13335,3720680,46384.66533864542
2022-05-30,20,20,6,1,80,675677,800518,16629,0,2970629,44919.32673267327
2022-05-31,21,16,4,1,75,555538,687616,34358,3226,2822140,42103.02095238095
2022-06-01,26,21,3,4,75,600674,805851,27066,6670,2737973,40586.745794392526
2022-06-02,23,27,2,6,86,547778,734919,18931,10212,4171914,43302.86363636364
2022-06-03,15,27,4,5,73,431693,982341,3554,2731,4932359,45488.35174953959
2022-06-04,23,24,3,3,56,659793,939249,34099,272,2119335,44799.67557251908
2022-06-05,19,20,4,0,72,480849,641123,18072,0,3447112,44877.10251450677
2022-06-06,16,16,1,5,80,363434,695512,2432,4660,2663356,44282.76402321083
2022-06-07,23,17,3,2,61,422534,423822,16815,4025,3528347,46919.27634194831
2022-06-08,12,11,1,2,45,409782,555566,7894,2864,1381166,47026.61522198732
2022-06-09,12,9,2,1,66,303415,367001,8444,0,1830031,43933.12582781457
2022-06-10,13,10,2,1,50,460613,157930,2161,0,2737857,41179.544186046514
2022-06-11,14,16,5,2,72,354215,360008,35585,5486,4588128,45237.66143497758
2022-06-12,18,13,2,3,71,491201,595298,27513,10771,3039813,44424.0404494382
2022-06-13,12,12,2,2,48,303331,495671,28830,3750,2792592,48179.016949152545
2022-06-14,17,21,5,0,67,516655,663943,62901,0,4998591,50998.038186157515
2022-06-15,11,10,1,0,47,413525,301053,0,0,1704025,51522.65320665083
2022-06-16,19,18,3,3,68,687582,623600,16063,0,3134268,54362.34988179669
2022-06-17,18,6,5,1,53,401811,157874,18380,0,2469064,53348.54694835681
2022-06-18,14,22,4,2,62,445742,455883,37012,6012,3277189,51479.668269230766
2022-06-19,12,26,1,1,74,554152,659740,16174,0,2697006,50292.92362768496
2022-06-20,21,17,1,4,67,596805,764474,1415,10686,3248867,49152.99086757991
2022-06-21,20,16,3,4,57,518622,393202,6958,6615,2033924,43374.6331775701
2022-06-22,16,15,2,2,55,560175,610299,2427,16127,3217684,46050.463302752294
2022-06-23,21,24,3,4,58,479214,775202,3284,0,2718729,46156.01643192488
2022-06-24,12,18,5,0,48,321275,415969,14821,0,3106139,48217.42992874109
2022-06-25,16,20,6,2,64,651293,642047,4570,6039,3422802,48333.69030732861
2022-06-26,17,17,7,2,77,535029,542863,18185,6039,4158475,51423.99061032864
2022-06-27,15,23,3,1,88,281401,544494,2496,0,3660150,49928.19463087248
2022-06-28,18,21,1,2,70,351262,715289,1415,5552,2765445,50107.443478260866
2022-06-29,26,23,3,2,63,817428,993956,15049,0,2589729,47909.1217948718
2022-06-30,21,23,3,3,84,447223,1202835,6921,5536,3396006,46758.5951417004
2022-07-01,16,16,5,3,60,506170,394908,15684,3847,2375511,44205.766798418976
2022-07-02,15,16,6,4,49,509081,509693,33451,4590,3967469,46665.549898167
2022-07-03,9,25,4,3,75,354140,840934,3833,4586,4671163,47904.8527607362
2022-07-04,18,25,3,3,83,388777,559760,22527,12413,4059181,49224.181818181816
2022-07-05,22,11,4,0,73,488148,223405,8622,0,4306935,52086.229979466116
2022-07-06,19,16,7,2,65,378162,427792,46136,872,2592070,51877.98568507157
2022-07-07,12,18,3,3,67,184647,634002,33094,7019,3541448,54054.61228813559
2022-07-08,10,7,2,0,47,403002,130549,3038,0,3335705,57677.49673202614
2022-07-09,17,23,2,5,61,543400,658032,189,11782,3269150,54725.37579617834
2022-07-10,10,16,2,1,47,190803,536287,12020,3413,2353998,52953.69525959368
2022-07-11,10,16,4,3,71,248907,640044,18708,10415,3880840,54014.259860788865
2022-07-12,20,12,5,0,56,653774,927327,26596,0,3066961,53237.13043478261
2022-07-13,21,21,5,2,65,670546,1039903,31390,7826,2646684,53369.04830917875
2022-07-14,22,20,5,4,96,684923,647057,46853,0,4500605,52040.503386004515
2022-07-15,19,18,2,2,93,675888,756819,7912,2052,5880079,52348.29652351738
2022-07-16,21,14,5,6,66,452447,502110,79665,10846,3406602,52096.6983805668
2022-07-17,18,20,6,2,71,379762,1123274,103667,4160,3316152,51540.39189189189
2022-07-18,13,11,2,1,47,473247,649770,776,4518,2940860,52141.585020242914
2022-07-19,16,10,2,1,59,542270,274137,0,5384,2886651,51464.050301810865
2022-07-20,16,20,2,2,56,289801,591252,776,0,3320432,53793.813524590165
2022-07-21,10,15,3,0,56,409011,696507,23689,0,1226416,51288.375
2022-07-22,12,12,3,0,71,366137,444507,11889,0,3379486,48067.133802816905
2022-07-23,13,13,1,3,63,468482,382712,0,11083,3234745,48001.75413711584
2022-07-24,10,7,1,2,29,272805,102009,799,0,1026757,47284.37532808399
2022-07-25,12,9,4,0,48,440671,240016,33956,0,2402676,45751.73560209424
2022-07-26,17,20,9,0,76,505294,668787,41317,0,2791979,43565.14035087719
2022-07-27,10,19,3,3,73,369886,792392,2212,7519,3122723,41309.57211538462
2022-07-28,18,16,3,3,58,617188,465902,11476,3045,2664262,44551.74162679426
2022-07-29,21,20,5,0,57,863027,739125,11142,0,2904264,44919.32178217822
2022-07-30,12,25,5,1,75,310096,904469,12542,0,2677383,42283.75961538462
2022-07-31,20,18,5,2,67,636676,423257,31418,0,4074002,45456.583700440526
2022-08-01,19,14,8,1,66,502143,460905,39640,3643,3811975,46708.872881355936
2022-08-02,24,27,6,2,67,664885,1144380,7164,0,2669042,47351.29805615551
2022-08-03,20,30,6,5,73,768858,1068833,35398,21591,3098643,47299.28941684665
2022-08-04,21,28,4,0,73,550154,761599,6908,0,4170508,48966.144351464434
2022-08-05,18,18,1,7,71,620048,784881,1287,0,3247963,48271.37398373984
2022-08-06,14,14,1,1,58,408881,557616,1287,5666,3362149,51440.59368421053
2022-08-07,22,17,3,2,75,669875,537051,6013,4144,2892801,48143.024844720494
2022-08-08,17,24,5,4,65,383174,857771,23037,3848,3588120,47778.477178423236
2022-08-09,13,15,2,0,49,528945,615241,6176,0,2202385,48626.22629310345
2022-08-10,23,22,2,4,82,493616,759508,10165,12224,4000792,49608.28329809725
2022-08-11,15,12,3,3,62,427558,534307,33516,0,3048224,48360.246753246756
2022-08-12,13,25,6,1,81,323667,1121872,18308,0,3887808,48691.26906779661
2022-08-13,18,22,4,2,74,626986,869530,19893,0,2804084,45951.25819672131
2022-08-14,12,27,3,0,69,302380,1179158,17981,0,3711995,48222.83817427386
2022-08-15,14,27,3,2,72,409876,1376672,12673,3597,2620853,45554.48057259714
2022-08-16,20,19,4,7,79,545827,593202,15105,14035,3496226,45414.223506743736
2022-08-17,14,11,3,3,53,409251,289505,18417,2993,3607232,47298.820408163265
2022-08-18,16,9,7,2,65,354324,304522,35139,0,3558017,48045.06085192698
2022-08-19,28,18,7,3,83,904001,659232,47229,0,2838789,45731.70909090909
2022-08-20,19,18,2,1,81,485116,715168,9043,0,3427771,46336.4203187251
2022-08-21,18,17,5,2,67,521910,593558,13785,9845,3569516,46236.808
2022-08-22,17,17,6,1,67,533176,453989,61510,0,3534905,48550.41616161616
2022-08-23,21,20,3,2,72,515604,538596,16571,0,2873175,47970.09221311475
2022-08-24,13,16,7,2,58,426987,624379,20320,0,3200993,46659.56592292089
2022-08-25,15,16,6,1,66,322362,663897,23632,0,2433706,44289.18016194332
2022-08-26,25,30,4,1,67,779137,1061351,17231,0,4015368,48233.12552301255
2022-08-27,18,29,4,2,59,387121,1163567,44457,0,3168556,49991.708333333336
2022-08-28,16,17,3,3,61,364894,518775,2556,0,2754805,48847.79555555555
2022-08-29,16,16,2,2,44,344130,611117,189,4994,2138598,48208.901639344265
2022-08-30,15,21,5,0,63,336540,918098,23398,0,2616787,48633.52392344498
2022-08-31,15,23,4,2,77,470292,641177,24307,2346,5193324,51078.132723112125
2022-09-01,21,25,6,3,79,546218,776253,17712,12656,3977952,53034.2
2022-09-02,21,17,4,4,86,546424,676299,4200,8016,4440370,51791.880597014926
2022-09-03,13,25,8,3,80,280709,839798,9939,6482,4194001,51664.973469387754
2022-09-04,24,19,5,1,80,681648,1003788,24522,0,5835705,55789.26719056974
2022-09-05,13,16,4,4,82,407879,602216,11625,7872,5397832,57871.976234003654
2022-09-06,18,24,3,3,60,552820,953389,3135,13073,1935702,56939.12867647059
2022-09-07,18,20,4,1,51,524638,766355,42153,7212,2442906,54487.38996138996
2022-09-08,10,16,6,2,49,252241,744235,15845,7212,3678096,57222.565573770495
2022-09-09,14,13,4,1,38,405099,337190,35941,0,2631080,59353.00454545455
2022-09-10,7,12,1,1,43,353897,463082,3086,0,2817974,61387.828784119105
2022-09-11,11,14,2,2,77,265220,333985,17069,7179,3721164,56561.885
2022-09-12,14,13,1,3,62,601518,505883,0,10907,3126873,53562.61842105263
2022-09-13,18,19,4,1,80,405310,563096,50222,5170,3625645,55109.345
2022-09-14,21,26,15,3,66,673275,755227,87118,7705,4004399,56880.07469879518
2022-09-15,19,22,6,2,53,462104,740308,27422,5992,2978128,54666.498806682575
2022-09-16,19,20,5,1,86,552679,440172,48186,0,3062233,49970.91220556745
2022-09-17,17,14,2,3,66,442192,237302,9821,8189,2558085,47094.95306122449
2022-09-18,14,26,1,0,55,353439,840295,0,0,3422348,48670.32264957265
2022-09-19,10,15,2,1,44,297027,716730,1565,0,1607700,47241.195555555554
2022-09-20,18,19,6,3,64,437568,660717,18850,11649,3285197,48198.36405529954
2022-09-21,11,12,4,1,42,333716,456962,16376,2306,1806408,45658.778048780485
2022-09-22,18,13,5,1,73,416223,553237,51581,0,3000346,43586.78372093023
2022-09-23,14,15,2,0,60,578176,632021,36372,0,2344400,44615.05940594059
2022-09-24,9,20,6,4,45,254508,695925,38236,8751,1592638,44540.56657963446
2022-09-25,19,18,6,2,76,592927,579160,34313,2778,3911321,43435.66831683168
2022-09-26,22,31,4,0,71,602396,1132836,5069,0,2060483,41765.18097447796
2022-09-27,16,14,3,0,62,494948,461837,25779,0,2342282,39761.95337995338
2022-09-28,11,15,2,3,55,488068,663515,14001,5044,2388356,39909.10859728507
2022-09-29,8,24,3,0,72,214477,730192,1572,0,3231451,40523.65306122449
2022-09-30,14,11,3,0,53,444640,294259,14296,0,2218020,40886.06221198157
2022-10-01,14,17,3,3,68,365305,549570,17870,7416,3769295,43591.2647702407
2022-10-02,15,22,5,4,69,396054,774827,10725,6583,3122504,42516.42444444444
2022-10-03,14,17,2,3,67,425211,305480,15861,4289,4672611,48754.526905829596
2022-10-04,17,17,3,2,72,313623,409660,18294,3591,4785246,53042.725877192985
2022-10-05,16,23,4,4,76,654908,955507,15119,3748,3666484,53387.0251572327
2022-10-06,17,17,4,2,68,537498,666990,9412,0,2130224,51510.32558139535
2022-10-07,14,15,2,1,60,428597,931674,38562,3733,2904621,52189.552083333336
2022-10-08,20,19,4,3,69,424616,835792,35878,6736,2533170,49511.14345114345
2022-10-09,22,20,3,0,68,730345,711722,6547,0,2624905,48577.62708333333
2022-10-10,25,20,4,2,62,684953,1050243,22292,0,3141333,45865.22736842105
2022-10-11,20,17,5,3,64,492807,621210,19488,4087,2501292,41760.23340471092
2022-10-12,16,13,3,4,61,574847,492893,16353,3648,3430094,42623.095132743365
2022-10-13,12,15,4,1,66,266650,539375,26412,0,3407249,45650.36444444444
2022-10-14,19,21,6,3,70,510007,581205,42093,3120,2765551,44355.639130434785
2022-10-15,20,20,7,2,78,625378,756625,56099,2106,4043962,46725.7697228145
2022-10-16,19,16,2,1,77,499819,601578,0,0,4690687,50167.715481171545
2022-10-17,16,15,6,3,70,340741,612354,28581,3213,4334893,51797.79423868313
2022-10-18,10,14,3,2,44,310477,328003,23999,0,1993843,52931.92918454936
2022-10-19,17,16,7,2,67,582003,849748,84598,5707,2914662,51167.04872881356
2022-10-20,15,15,4,2,59,310611,626641,44722,11863,2085917,49095.7311827957
2022-10-21,20,14,8,4,75,524350,509103,67273,11531,2965149,48998.11276595745
2022-10-22,20,21,6,0,77,466577,618090,93727,0,3491766,47925.19616204691
2022-10-23,19,25,7,2,81,650481,672220,36392,0,2524478,42940.186046511626
2022-10-24,14,12,4,2,70,187052,450959,22215,0,3348277,40854.31712473573
2022-10-25,18,19,1,3,57,526765,425264,1467,4505,2963060,41755.779835390946
2022-10-26,10,14,5,3,58,323073,355415,23361,9928,2669473,42029.60167714885
2022-10-27,21,19,6,3,81,374797,783634,31357,10454,3332779,42675.314629258515
2022-10-28,16,25,1,8,88,470330,721271,3814,4870,3860885,43341.24609375
2022-10-29,14,27,1,1,78,374299,884810,0,0,3343943,42968.60623781676
2022-10-30,18,20,5,1,47,509378,751965,18956,5860,2937834,46881.526096033405
2022-10-31,13,14,4,1,60,183958,546950,24856,3086,3283097,47742.15565031983
2022-11-01,21,19,1,2,69,493137,493017,3190,0,4743582,50252.7920997921
2022-11-02,17,13,3,3,74,528140,540382,3875,2592,4798872,52919.50100603622
2022-11-03,15,17,4,6,59,364250,564688,33633,11600,3386351,55483.292631578945
2022-11-04,14,18,1,2,54,542424,688791,16287,0,3795071,59611.67800453515
2022-11-05,12,10,2,4,50,255421,545760,432,3120,3156886,63200.22518159806
2022-11-06,16,20,3,1,56,352686,434964,17284,0,3255508,62605.135071090044
2022-11-07,13,26,3,1,63,395083,846113,7216,3393,2773206,60963.47294117647
2022-11-08,11,21,1,2,51,372554,916937,2513,3393,2330366,57730.36855036855
2022-11-09,10,7,1,1,35,309973,430973,11090,5808,2233584,56877.641304347824
2022-11-10,10,14,5,2,45,384019,495663,40176,3820,2672158,57109.54519774011
2022-11-11,12,23,3,2,66,374617,651862,8681,6436,3505561,54446.09016393442
2022-11-12,13,25,9,1,57,408036,711656,55506,2959,2839154,52572.48525469169
2022-11-13,8,12,5,1,46,324984,567429,48909,0,3289848,54115.36363636364
2022-11-14,12,9,2,3,46,448805,518315,11409,0,2196838,55108.40751445087
2022-11-15,11,10,4,5,54,159312,343495,20299,6149,2872265,56187.41547277937
2022-11-16,15,12,5,4,49,450191,645790,19392,12321,3190433,56656.35537190083
2022-11-17,25,14,5,1,83,517417,602922,5505,0,4685202,56307.48379052369
2022-11-18,18,15,4,6,67,664552,432783,12427,13893,3248429,55527.78358208955
2022-11-19,2,9,1,1,24,93602,206492,5280,0,943387,55356.10298102981
2022-11-20,12,13,3,3,66,379686,564496,31110,8148,2858120,51400.19023136247
2022-11-21,15,10,1,2,46,491819,278644,3843,6730,2245418,51525.074550128535
2022-11-22,15,11,2,1,43,527203,661411,13073,0,1357500,49017.166666666664
2022-11-23,14,18,3,4,37,459743,716345,16066,8420,2079565,47589.12841530055
2022-11-24,13,8,6,3,51,313217,242855,32217,4178,3502067,48606.245508982036
2022-11-25,10,7,5,0,45,396071,414849,8229,0,1170766,45374.432692307695
2022-11-26,4,6,4,2,35,118990,357715,16024,0,1679925,46109.47678018576
2022-11-27,15,15,7,1,66,331153,705158,26840,0,2968760,46452.01547987616
2022-11-28,18,22,4,5,66,507285,648965,24891,14051,2235901,43715.69679300291
2022-11-29,23,14,4,4,61,592667,289736,12434,6369,2601444,44981.79501385042
2022-11-30,13,14,3,2,64,308963,305107,28800,0,3720371,46080.5
2022-12-01,12,16,3,3,46,288831,412263,18873,3443,2358531,43696.33942558747
2022-12-02,10,14,5,3,55,356727,228207,19362,10451,2531963,46048.07888040713
2022-12-03,11,11,2,4,58,433002,428088,8842,8476,2477406,45419.17307692308
2022-12-04,12,13,5,1,58,269064,646094,7477,0,3394050,47352.12254901961
2022-12-05,18,13,3,1,54,361331,479794,10886,1679,2954477,50601.621212121216
2022-12-06,17,17,3,2,37,408775,892901,16016,3080,1200787,50101.034946236556
2022-12-07,8,22,3,3,58,296345,768613,72056,8870,3868825,51327.975409836065
2022-12-08,9,9,5,3,43,231883,292571,29509,3052,2537838,52246.13223140496
2022-12-09,8,15,4,2,35,265019,646456,18521,3052,1709488,52894.66763848397
2022-12-10,16,16,3,1,51,334456,518479,11461,0,2541642,54187.818452380954
2022-12-11,12,16,7,2,52,315419,601229,22612,5888,2805286,53388.91818181818
2022-12-12,14,18,4,4,51,573148,381798,4008,15091,3490489,55517.90519877676
2022-12-13,13,15,1,2,57,286264,488896,0,3336,1935008,54433.93659942363
2022-12-14,12,17,3,4,47,196121,501688,13270,11516,4042671,56733.39880952381
2022-12-15,18,10,7,3,63,340891,123660,51013,4713,4000474,57654.65730337079
2022-12-16,15,15,2,1,52,593297,474746,23097,847,3385732,59520.91689008043
2022-12-17,12,19,5,1,62,293792,721372,17955,0,3215524,59570.791666666664
2022-12-18,12,25,2,2,69,253935,1142690,24770,6294,2488687,56255.82294264339
2022-12-19,14,21,1,1,40,550097,866080,3093,2315,1729683,53327.63846153846
2022-12-20,11,13,4,1,43,447268,472423,29023,5707,2853771,57756.76063829787
2022-12-21,14,15,3,2,57,357716,432373,41851,0,2653625,52661.9067357513
2022-12-22,11,12,6,4,75,329878,329300,46148,15408,2608429,47576.51005025126
2022-12-23,15,8,6,3,59,624040,223551,27676,15674,2912988,45586.93086419753
2022-12-24,12,14,5,0,39,436530,597614,10474,0,1300233,43317.84293193717
2022-12-25,10,12,4,1,45,424648,462475,13789,2528,2598093,46527.435754189944
2022-12-26,15,12,2,1,49,441403,274570,9104,0,2374534,47143.52316076294
2022-12-27,15,11,4,2,39,405809,445900,8247,2283,646929,41583.5564738292
2022-12-28,17,9,4,0,59,552986,358989,45311,0,3122498,42640.28493150685
2022-12-29,13,11,5,1,46,366394,335553,52584,4912,2453419,45859.208333333336
2022-12-30,8,8,0,1,36,469027,223222,0,4309,1246297,43904.16293929712
2022-12-31,6,19,2,2,37,254418,516194,30457,0,2240372,47209.45980707395
2023-01-01,12,17,2,7,50,413260,668498,31512,7210,3141243,48181.303797468354
2023-01-02,14,18,5,2,60,305658,805257,10905,4493,2938466,48285.08868501529
2023-01-03,19,16,3,1,53,509521,563894,4964,8901,2760422,52500.63636363636
2023-01-04,20,14,2,2,58,609279,315643,19585,11882,4063870,55423.791176470586
2023-01-05,20,15,2,3,51,533918,778162,1599,5707,2022234,53370.73623188406
2023-01-06,8,11,2,3,46,305189,452816,20879,6492,2337082,54939.969014084505
2023-01-07,15,12,3,3,62,442533,287251,21186,6492,3346647,54236.74736842105
2023-01-08,13,16,4,2,51,381545,459982,10299,0,2861132,53359.19422572178
2023-01-09,14,13,5,2,55,350128,569684,30488,3901,1708179,50796.71808510638
2023-01-10,13,19,7,1,49,401856,678006,38630,2627,1696284,48482.333333333336
2023-01-11,15,10,5,2,37,379307,340644,11734,12194,1883288,45170.501424501424
2023-01-12,15,16,2,1,46,423357,187193,5021,6492,1958713,45639.667630057804
2023-01-13,13,14,1,0,40,285813,287570,4352,0,2244655,46173.2294117647
2023-01-14,13,15,5,3,55,385509,449607,9052,5293,4633693,51008.84084084084
2023-01-15,15,12,6,0,31,453771,510517,31420,0,1873256,51112.038338658145
2023-01-16,12,13,3,1,49,318256,339838,24513,0,3240184,57101.214983713355
2023-01-17,18,9,3,2,53,502497,154221,11390,2984,3070881,60786.72025723472
2023-01-18,14,22,0,1,58,287362,751041,0,3339,2907996,60028.24698795181
2023-01-19,14,20,4,5,55,538656,550219,19976,4289,2048739,58707.92961876833
2023-01-20,12,18,2,0,57,420805,639967,1526,0,2982778,57981.918994413405
2023-01-21,9,19,4,4,54,186374,688523,39388,0,2749758,52867.204481792716
2023-01-22,16,19,4,2,64,390312,775887,33609,5052,3662741,52982.248717948714
2023-01-23,15,14,3,3,55,338044,627032,12189,10343,2710989,50843.13636363636
2023-01-24,23,12,6,4,50,802850,437617,16459,4914,2257143,49160.67175572519
2023-01-25,25,18,4,1,72,519914,753794,34003,3070,4441824,51238.26044226044
2023-01-26,16,16,1,1,60,519846,653322,1217,3706,3022280,52979.40048543689
2023-01-27,15,14,3,1,57,603152,241204,9762,0,1781374,50063.3713592233
2023-01-28,18,16,2,1,61,510738,389245,3426,0,2938002,49676.26014319809
2023-01-29,12,15,2,2,54,540524,641730,1534,5485,2742204,48640.1369193154
2023-01-30,10,15,2,3,52,343998,418166,16442,0,2542514,48584.58374384236
2023-01-31,21,18,4,0,57,687790,528749,8739,0,2376106,48049.16222760291
2023-02-01,16,9,5,0,61,446101,449148,6057,0,2663972,44941.42288557214
2023-02-02,10,6,1,5,48,285587,168569,1217,6827,2601079,45244.23333333333
2023-02-03,6,28,6,1,63,202566,659139,40572,0,3126421,47955.29797979798
2023-02-04,11,20,2,1,63,386353,732935,1852,0,3034277,47956.21356783919
2023-02-05,9,12,5,1,46,588224,457877,44898,0,2560133,48473.08205128205
2023-02-06,14,20,3,1,56,459711,601399,10522,8270,3342370,50011.06091370559
2023-02-07,17,19,9,4,68,511137,639708,48421,8817,2561128,49109.58024691358
2023-02-08,19,10,4,2,56,441247,553421,35680,0,3645018,52176.065
2023-02-09,17,17,3,2,52,529827,948424,15117,9397,3132923,52975.91584158416
2023-02-10,11,14,3,1,41,313734,657251,48435,0,1870571,52739.319371727746
2023-02-11,6,9,3,1,39,135140,291708,24049,0,1535288,52087.796089385476
2023-02-12,15,24,4,3,71,395954,539291,33863,12800,3181979,50311.42819843342
2023-02-13,17,11,7,4,75,491997,233681,50948,5785,3507701,48344.796019900496
2023-02-14,9,10,3,1,45,315108,295630,13039,6641,1727408,49078.86015831135
2023-02-15,16,7,3,1,33,434666,109279,1106,1602,1396110,45932.52808988764
2023-02-16,30,26,3,2,87,693613,854865,5154,0,4326647,44873.92327365729
2023-02-17,20,18,7,3,68,754141,369629,77682,0,3672566,46286.361244019135
2023-02-18,12,17,4,1,50,271562,337864,12575,0,2853705,48172.76456876457
2023-02-19,15,16,3,1,47,390883,801718,14425,3358,1982634,48066.101234567905
2023-02-20,21,18,5,3,61,482302,615894,64103,0,2263823,46605.864450127876
2023-02-21,21,17,10,5,49,542492,559794,80338,16117,1761053,46219.083544303794
2023-02-22,14,20,7,4,81,438387,639879,42135,7608,3990638,47067.8690744921
2023-02-23,16,14,3,4,54,553246,509338,3447,18191,3165736,48024.76829268293
2023-02-24,19,20,7,2,86,508458,932971,22419,11718,4736267,48490.31775700935
2023-02-25,22,24,6,3,62,676014,1155746,13496,8443,2705278,46830.520454545454
2023-02-26,19,23,7,4,78,604171,1033691,15847,12885,4430079,48944.53078556263
2023-02-27,15,11,1,2,64,362922,452110,2078,4938,2999219,50186.22362869198
2023-02-28,24,15,5,5,56,716429,543976,17230,4946,3547560,53170.01455301455
2023-03-01,20,13,5,2,59,465385,508573,41935,4003,2705716,52919.07407407407
2023-03-02,14,16,3,2,54,337610,639760,10405,0,2391253,51231.74727668845
2023-03-03,17,12,4,3,53,478051,598811,13333,4129,3551143,52418.42253521127
2023-03-04,12,9,5,3,43,410146,404391,44129,4129,2547650,54478.181818181816
2023-03-05,11,11,1,4,74,429266,390769,21933,0,4123895,54259.14640198511
2023-03-06,21,29,4,5,67,718449,976614,31344,5543,2275103,52074.67980295567
2023-03-07,19,24,6,4,78,540066,861073,10840,6291,3905339,50233.8761682243
2023-03-08,23,19,4,4,71,956551,565321,1114,3825,3226421,50047.281818181815
2023-03-09,25,26,4,3,65,691685,709159,3417,7662,2622357,49339.042128603105
2023-03-10,22,23,3,0,65,534112,676222,4957,0,2284890,45325.38876889849
2023-03-11,24,18,2,4,85,440719,439275,1217,13327,4141955,44712.792079207924
2023-03-12,15,22,4,2,71,430394,481327,14636,2431,3749260,44233.71513944223
2023-03-13,22,13,5,2,61,708900,336354,19975,2577,3207795,46649.227822580644
2023-03-14,18,13,7,1,69,362229,522590,13464,2933,3748865,47190.02669404518
2023-03-15,10,11,3,2,51,307689,433769,2204,5709,2699861,48083.475374732334
2023-03-16,20,16,3,4,55,442639,662108,4077,11486,3073175,50122.10284463895
2023-03-17,18,20,4,0,56,662996,819383,6948,0,1664847,49744.99553571428
2023-03-18,15,18,3,3,65,392594,352394,12029,11522,3270623,50033.70560747664
2023-03-19,22,15,6,1,68,546210,413335,26190,0,3705906,50284.87529411765
2023-03-20,16,19,7,2,55,377141,593310,72420,7573,2971180,50440.231503579955
2023-03-21,16,11,6,0,44,733365,345333,40955,0,1528713,48005.850253807104
2023-03-22,12,11,6,5,37,399038,558834,25710,11644,1996398,47923.268421052635
2023-03-23,13,9,2,1,42,266990,349127,26665,0,2603874,48342.07356948229
2023-03-24,8,8,2,0,31,335305,354930,26441,0,2271504,53649.70175438596
2023-03-25,12,14,5,1,49,301857,405878,50912,8728,1641434,51285.3036809816
2023-03-26,13,15,5,0,58,409323,893267,50043,0,3265841,51515.645569620254
2023-03-27,9,5,6,1,43,166783,117373,45134,4087,2200155,51012.89144736842
2023-03-28,11,8,1,3,41,280545,270643,3846,10645,2321167,54154.06312292359
2023-03-29,15,18,4,4,43,467222,518594,36044,4364,2325626,54168.081433224754
2023-03-30,20,24,4,1,64,379890,774937,31698,0,3119592,52113.43161094225
2023-03-31,14,27,6,3,76,489236,1088446,14817,0,3808337,49952.27807486631
2023-04-01,24,21,8,4,66,615091,885366,19116,0,2770109,50667.07672634271
2023-04-02,10,9,2,1,55,198528,357686,3881,0,3485074,51623.865979381444
2023-04-03,17,6,3,2,46,567033,297325,18792,9230,2264006,51391.07672634271
2023-04-04,13,10,7,5,44,317241,259236,22188,9391,2227354,50761.67005076142
2023-04-05,16,15,4,1,57,469809,168778,23094,0,3119716,50966.14705882353
2023-04-06,18,27,6,2,75,353061,633060,29047,0,4378481,52632.64200477327
2023-04-07,18,14,6,3,54,529961,502287,13300,3358,2782762,52966.0
2023-04-08,16,16,6,2,67,405814,474224,28204,2283,3682520,55125.409547738695
2023-04-09,15,18,3,3,82,394693,562039,43314,7843,3630071,51964.49411764706
2023-04-10,13,24,5,2,63,286202,872333,58761,0,2709065,50972.780542986424
2023-04-11,22,22,7,7,63,560211,841659,20552,16065,3748348,52171.2863340564
2023-04-12,12,12,6,4,67,335408,481543,36954,9479,2841980,50473.94267515923
2023-04-13,20,16,4,0,70,381948,502792,39543,0,3918245,50027.877682403436
2023-04-14,15,14,8,2,65,450859,594290,62637,4615,2951958,49228.9035639413
2023-04-15,19,9,5,1,56,493025,591317,8656,0,2201418,47212.62875536481
2023-04-16,13,18,0,3,57,280593,580313,0,15785,3906170,50515.15646258504
2023-04-17,20,13,2,3,56,540037,395799,20858,4434,2888816,51744.089861751156
2023-04-18,17,12,8,4,62,523865,270818,47736,11471,3726015,51812.01385681293
2023-04-19,11,17,8,4,70,307077,614877,25775,3414,2813249,51389.6123853211
2023-04-20,20,28,5,2,102,344639,814550,21660,8124,4694748,49534.98717948718
2023-04-21,23,22,6,4,67,679018,648965,39121,7982,3901962,51345.48510638298
2023-04-22,33,23,5,1,83,879870,928993,17092,4895,4278590,52735.51307847082
2023-04-23,20,19,6,1,63,513277,678129,44075,0,3948958,52191.5268389662
2023-04-24,20,14,3,3,66,391244,459924,4002,3164,2749883,50903.32358674464
2023-04-25,19,14,4,3,66,445782,565333,51966,0,3448866,49973.41586073501
2023-04-26,15,9,3,4,52,332327,270499,56114,1931,2273157,50693.715430861725
2023-04-27,20,17,3,3,58,662095,475508,6961,1586,3105954,52104.10989010989
2023-04-28,23,11,4,3,60,597001,397855,6647,1586,2088589,48870.529017857145
2023-04-29,16,14,4,2,71,565836,407771,20458,0,3881570,49304.99311926605
2023-04-30,15,8,3,4,55,628103,359882,5578,5895,1978027,45621.602803738315
2023-05-01,15,16,6,3,62,274587,543358,25786,0,4430493,50015.698113207545
2023-05-02,21,17,5,1,58,667682,904472,31986,0,2652509,49063.21875
2023-05-03,12,16,3,3,58,468731,700852,16705,3706,3167245,50484.32938388626
2023-05-04,12,18,3,4,50,383812,636022,5452,0,2095988,49020.340579710144
2023-05-05,19,17,1,5,55,577220,590615,1415,2120,2925990,51667.046454767726
2023-05-06,26,24,7,4,70,625388,1078776,36201,5195,4169023,52498.223039215685
2023-05-07,25,16,12,3,69,709795,845225,104704,3493,3110076,53439.156398104264
2023-05-08,26,21,8,1,70,704371,611794,61299,0,4137207,51762.87906976744
2023-05-09,19,14,3,0,62,582933,609049,13632,0,3052630,52207.73963133641
2023-05-10,20,21,4,4,69,822929,923213,25345,11384,3634358,51966.90337078652
2023-05-11,23,20,6,2,83,595077,961631,45200,0,4456709,53317.9769874477
2023-05-12,14,16,4,2,72,486477,496780,21416,0,3089835,51817.854545454546
2023-05-13,22,18,3,4,76,373794,847611,5497,4278,3252860,49368.612774451096
2023-05-14,21,22,4,1,70,592155,701420,19448,0,3825284,50694.98605577689
2023-05-15,15,17,4,3,58,322015,312348,34365,6298,2780462,49167.62857142857
2023-05-16,11,17,2,3,36,286710,614975,569,7789,1608645,48810.674568965514
2023-05-17,16,19,3,2,61,420859,661520,18746,7001,4067596,50617.08552631579
2023-05-18,20,21,5,5,74,456196,436199,24659,14228,3358580,49179.55704697986
2023-05-19,23,20,3,2,86,582876,670817,10515,0,3475121,48521.79609544468
2023-05-20,20,14,5,2,91,385046,800568,48491,6492,4065420,48699.80672268908
2023-05-21,6,8,0,1,47,164321,326623,0,6556,1769237,46633.68874172185
2023-05-22,21,13,5,6,66,292356,324061,17077,24476,2459435,45128.05639913232
2023-05-23,22,11,9,2,59,562355,247818,32552,7054,1125285,41984.86363636364
2023-05-24,20,10,1,3,63,577570,237617,4285,0,2378560,38336.7037037037
2023-05-25,18,19,6,0,64,560821,584802,21256,0,2814457,37998.981092436974
2023-05-26,20,21,6,2,69,534279,677528,42929,0,2448965,37170.716775599125
2023-05-27,18,17,2,4,65,467370,705090,1509,5708,2617777,36059.390300230945
2023-05-28,17,15,5,1,50,441728,435116,28214,2205,2109274,36591.17660550459
2023-05-29,19,23,7,1,68,639238,680298,85363,0,3550259,38914.55936073059
2023-05-30,17,12,2,1,64,292867,438331,3843,2409,3035054,42786.334085778784
2023-05-31,27,12,6,5,74,956281,321814,6073,18802,3542017,44312.34140969163
2023-06-01,19,6,6,1,66,417381,204354,5496,0,2944251,44402.625
2023-06-02,14,26,7,0,53,364855,845914,41758,0,3022194,47320.05909090909
2023-06-03,6,8,4,0,27,113699,233019,6679,0,2130474,50580.90298507463
2023-06-04,12,16,4,0,70,362597,627538,7576,0,4256025,53270.791469194315
2023-06-05,24,28,8,1,78,563407,1247716,30764,0,4930552,55232.79398148148
2023-06-06,23,23,4,3,62,491940,823962,19753,3951,2797651,54937.590697674415
2023-06-07,11,17,1,2,62,421918,454730,79,3238,3065390,55374.49043062201
2023-06-08,19,18,4,2,64,354257,557500,22571,3931,2966420,55694.004807692305
2023-06-09,18,21,6,4,80,507339,705398,26962,15371,3660981,53741.519187358914
2023-06-10,22,17,4,0,65,585945,500397,34522,0,3507066,52357.765072765076
2023-06-11,13,24,4,1,68,320092,1121626,20889,5247,2781464,49497.9624217119
2023-06-12,9,15,6,2,37,105031,510678,32788,4529,2704129,49048.175799086755
2023-06-13,10,8,7,1,33,336199,285084,22526,2164,2258120,51206.77261613692
2023-06-14,19,11,3,7,43,459600,346530,579,0,2639941,52610.566666666666
2023-06-15,19,13,3,1,61,667385,359859,13419,0,4441258,56829.35142118863
2023-06-16,12,13,1,1,65,521820,366050,12897,0,3837976,59596.65053763441
2023-06-17,16,19,3,0,68,515721,681965,2900,0,2682588,56921.26933333333
2023-06-18,18,20,4,1,69,593348,886516,17976,446,3582741,58900.938829787236
2023-06-19,14,19,9,4,61,302596,491415,20349,10015,2556783,54998.5175
2023-06-20,15,20,8,2,57,426839,953258,14729,6110,2050222,51395.068396226416
2023-06-21,18,16,6,5,70,434565,553380,41866,13140,2234129,47418.39689578714
2023-06-22,24,16,7,3,65,615355,735092,23152,8424,4224072,46524.2
2023-06-23,17,12,5,2,54,429157,407854,32485,8146,3102763,46020.94144144144
2023-06-24,22,19,6,1,86,433437,594529,51046,7247,4681026,48553.54112554112
2023-06-25,23,12,5,3,55,749333,433187,27659,7247,3225487,49273.39732142857
2023-06-26,17,13,3,2,60,425697,509015,15539,6216,3008044,50393.161073825504
2023-06-27,24,19,2,5,60,721290,937183,6272,5448,2793046,51707.926666666666
2023-06-28,20,19,1,6,73,443115,681038,994,0,3150994,53389.474613686536
2023-06-29,20,17,8,1,75,640011,343458,62719,847,3972057,51692.04535637149
2023-06-30,18,18,4,3,59,556989,691994,46095,3360,1787611,48329.62606837607
2023-07-01,14,17,8,1,70,481488,639877,50051,0,2862372,46016.83849557522
2023-07-02,17,15,9,0,73,585497,530866,42232,0,4199883,46327.674468085104
2023-07-03,13,14,4,4,59,396587,532022,8986,18284,4396761,49387.47121535181
2023-07-04,16,15,5,1,56,616480,652869,9366,0,2884533,50009.0559139785
2023-07-05,18,19,8,4,97,595484,929078,41547,8638,4898618,51128.496932515336
2023-07-06,16,15,0,3,57,372879,249529,0,0,2693377,50367.63269639066
2023-07-07,13,16,7,3,71,513771,443574,38845,6670,3338484,52327.1801242236
2023-07-08,9,11,9,0,47,247029,324986,80470,0,2783748,54772.617391304346
2023-07-09,16,7,4,0,62,512241,178673,35837,0,2399992,52105.819599109134
2023-07-10,24,15,6,0,79,868853,795586,46349,0,3891305,48806.09168443497
2023-07-11,14,23,9,1,74,422612,954644,35266,0,4127397,49554.252566735115
2023-07-12,10,13,7,2,42,228175,237677,20487,3621,1686366,48427.47453703704
2023-07-13,24,22,5,3,81,665768,1137014,31754,0,3953893,48642.94956140351
2023-07-14,19,24,5,2,80,568529,867931,19229,0,3502551,48054.305376344084
2023-07-15,17,19,3,2,74,361996,406182,4896,0,3179714,46221.98780487805
2023-07-16,12,11,5,1,63,272537,495673,10910,7213,2974464,47293.488843813386
2023-07-17,23,18,6,2,67,487397,805430,57229,0,3609772,47888.06029106029
2023-07-18,14,16,3,1,57,366803,671359,36926,2746,2298885,45701.82112068965
2023-07-19,11,10,2,3,37,248558,458872,49443,6410,1886191,46635.01089324619
2023-07-20,24,19,5,3,88,476157,512545,19452,6953,4540307,47192.88412017167
2023-07-21,20,14,9,1,77,605941,539879,36952,4382,2965342,46338.390928725705
2023-07-22,11,17,4,1,60,211687,266687,37895,3521,2691394,46695.66815144766
2023-07-23,24,13,4,3,60,668993,409563,50895,4358,2692469,46377.488789237665
2023-07-24,13,18,2,0,71,310059,888994,2228,0,3966516,46758.008888888886
2023-07-25,13,11,2,3,50,458646,394068,5102,2696,2294501,47486.9525959368
2023-07-26,12,14,5,1,43,431892,424418,31485,6492,1529898,46058.8574610245
2023-07-27,15,14,3,4,46,336236,502048,25866,4827,3057441,47168.454545454544
2023-07-28,13,12,4,1,51,341416,455520,25405,0,2600680,49430.18110236221
2023-07-29,9,16,2,2,30,216851,527509,5525,0,1163691,49302.552706552706
2023-07-30,15,19,4,3,65,374522,770987,16523,0,2528410,48149.261235955055
2023-07-31,20,25,2,2,93,609721,963715,15540,0,3940730,45278.706349206346
2023-08-01,15,11,2,0,72,325814,516930,4125,0,2979490,44500.85
2023-08-02,14,16,3,3,66,294806,616493,4808,4230,1894108,42942.19858156028
2023-08-03,28,20,4,3,69,1059575,471691,49534,4949,3504411,41729.86547085202
2023-08-04,23,18,2,3,73,508501,695679,0,6962,2675935,39929.006410256414
2023-08-05,20,15,5,2,48,430615,542667,11529,0,2365948,40923.9341563786
2023-08-06,15,16,4,1,59,350298,724254,14050,4309,3184994,42803.36666666667
2023-08-07,12,22,3,1,56,310637,668924,2566,0,2492795,43109.88939051919
2023-08-08,21,14,11,4,65,625786,303318,48525,0,2803223,43397.73853211009
2023-08-09,13,19,5,1,52,384073,552485,24226,0,2285632,45765.25592417062
2023-08-10,27,17,6,1,73,834863,584063,34915,3661,2966042,44071.75821596244
2023-08-11,27,19,8,1,83,749894,631056,71491,3523,3522202,45001.91743119266
2023-08-12,18,19,3,3,89,494520,764434,39865,6486,4107095,44784.03144654088
2023-08-13,24,24,9,3,79,700181,831327,26739,3705,3584557,43785.80684104628
2023-08-14,30,19,3,3,76,758504,668140,8468,7375,3079828,43227.425531914894
2023-08-15,21,13,2,2,50,577046,255884,10299,6870,2176198,43270.02788844622
2023-08-16,18,22,9,4,68,579712,566135,46655,4018,2588348,42517.895752895754
2023-08-17,16,15,2,1,66,421264,318277,25221,0,2826402,42827.06457925636
2023-08-18,17,21,9,3,74,734585,673248,68453,7210,3783013,44114.424302788844
2023-08-19,17,20,7,4,77,408426,1172830,20430,4936,3579655,44118.369387755105
2023-08-20,28,18,3,2,74,661291,912392,11067,4482,3781747,44979.775257731955
2023-08-21,20,9,4,3,57,444818,301000,14910,5114,2779080,46168.33261802575
2023-08-22,21,13,3,4,74,696267,830993,4560,3257,3252371,46103.29795918367
2023-08-23,15,16,2,7,52,496828,700425,24181,24744,2877438,48269.42194092827
2023-08-24,11,4,0,0,29,216571,429600,0,0,2171189,50856.963386727686
2023-08-25,26,22,6,1,58,783686,652728,26346,0,2245226,49137.06888361045
2023-08-26,15,12,7,3,65,347159,492534,13182,5118,3320936,49946.17848410758
2023-08-27,23,20,8,1,59,615275,626403,17570,2680,1910172,47097.492385786805
2023-08-28,30,20,3,2,74,860900,634688,3386,0,3633623,47228.60097323601
2023-08-29,27,11,4,1,79,807808,534386,12472,0,2519718,44899.76442307692
2023-08-30,16,17,7,1,53,434883,640009,37488,5617,2242978,43270.60431654676
2023-08-31,13,13,5,1,44,328002,395739,10157,0,1814292,40942.00231481482
2023-09-01,11,14,3,2,35,420271,566909,10301,0,1256677,40827.37408312959
2023-09-02,8,14,2,2,30,165892,396565,0,0,2046525,41240.601604278076
2023-09-03,12,16,4,3,67,323640,863994,20917,0,2749574,42574.311518324605
2023-09-04,6,12,4,0,62,243894,451593,11051,0,2467161,40802.5
2023-09-05,26,18,8,0,73,801000,485002,48834,0,3342639,43735.84065934066
2023-09-06,23,16,10,1,82,536455,543321,68166,0,3994780,44966.025445292624
2023-09-07,19,19,7,8,77,574260,466208,23665,23455,3705777,45922.84741784038
2023-09-08,20,16,6,1,80,705667,601259,24245,5185,3566045,46438.43099787686
2023-09-09,13,12,2,3,62,297168,579154,7762,2049,2836321,45054.26838966203
2023-09-10,16,12,1,2,56,346322,738006,14595,4169,2150468,44843.884146341465
2023-09-11,27,24,6,1,53,754560,963775,45574,0,3501939,47821.88198757764
2023-09-12,12,19,6,2,46,394696,451590,12260,0,1740118,47139.14035087719
2023-09-13,20,21,4,3,79,457470,528611,13692,7064,3557952,46487.01986754967
2023-09-14,20,19,4,4,94,387725,519132,24674,0,5018863,47599.37446808511
2023-09-15,18,18,3,1,59,479281,850978,24218,0,1764500,45813.27616926503
2023-09-16,18,17,5,5,52,409013,738074,31727,12026,2290475,45613.47380410023
2023-09-17,14,14,5,2,53,346728,495495,34426,0,2281987,46228.977064220184
2023-09-18,19,20,3,4,77,617605,861817,8088,11813,3387634,43568.541304347826
2023-09-19,21,23,2,2,73,622016,397142,5750,10236,3432396,44627.94045174538
2023-09-20,27,18,5,1,73,829157,802126,44364,2427,4234171,46590.490644490645
2023-09-21,18,21,5,4,62,464539,926207,42647,11302,1919939,43009.13585746103
2023-09-22,8,9,2,4,49,370267,344784,6525,12991,1747663,43950.489749430526
2023-09-23,12,14,5,2,51,370534,550382,9368,3414,2289506,44048.62100456621
2023-09-24,19,10,0,0,55,446052,302829,0,0,2239462,43751.75227272727
2023-09-25,16,10,5,2,58,416859,296288,47942,4013,2946230,44677.83135391924
2023-09-26,13,9,6,2,57,428188,187734,22887,2035,2294702,43633.76049382716
2023-09-27,22,26,6,5,76,678658,525686,25368,7828,3395128,41256.44607843137
2023-09-28,21,20,4,2,60,681556,481372,6446,3104,2523881,42947.22167487685
2023-09-29,23,18,11,3,84,672728,707469,49538,3431,3281975,43017.87755102041
2023-09-30,15,20,11,3,61,429438,670728,52139,11963,2595484,42742.48780487805
2023-10-01,17,24,5,2,75,467652,849168,11964,0,3034634,42615.78343949045
2023-10-02,15,15,2,3,48,448696,508811,6748,0,2709561,43026.82212581345
2023-10-03,16,13,4,3,63,595534,570789,13883,6049,3268028,44558.22483940043
2023-10-04,15,9,4,2,57,500876,250713,24136,6035,2407648,44243.77455357143
2023-10-05,22,16,8,3,82,494671,410492,47362,4880,3212601,43638.151063829784
2023-10-06,18,15,10,3,91,467748,458626,74884,8161,4314111,45161.56603773585
2023-10-07,19,20,9,1,58,563512,1221163,42696,0,2688339,45643.29535864979
2023-10-08,15,15,5,5,84,268151,553183,4920,8188,3452036,45656.985507246376
2023-10-09,21,22,5,2,74,658229,625746,18655,2236,3753567,45375.89390962672
2023-10-10,14,11,2,0,45,481117,573881,8013,0,2633335,45746.714867617105
2023-10-11,14,16,5,4,56,188401,440270,19512,9722,2519862,46069.08367346939
2023-10-12,12,20,3,0,48,335792,486390,11771,0,2178623,47236.56359649123
2023-10-13,24,6,10,3,60,777150,144943,47189,5042,1844039,44870.12
2023-10-14,24,12,10,3,63,936820,414498,29175,9884,3425232,46062.07906976744
2023-10-15,18,16,7,4,69,550767,407287,25395,13290,3876657,48750.156626506025
2023-10-16,25,23,1,1,55,896535,585629,0,0,2656976,48320.0101010101
2023-10-17,14,13,2,2,49,437684,331069,5011,5042,1207586,44272.4375
2023-10-18,6,10,1,1,38,221829,332773,6925,4318,3043765,47730.04712041885
2023-10-19,20,20,5,2,59,643218,710740,32649,13538,4219257,51586.544529262086
2023-10-20,22,18,5,1,74,609749,674987,12283,0,3177047,53087.27272727273
2023-10-21,13,21,6,3,61,446542,764066,32486,8284,2474071,51000.886419753086
2023-10-22,19,17,5,4,41,588880,489663,17621,17007,2351101,50742.183023872676
2023-10-23,15,15,6,1,57,568540,571599,44943,6492,2272067,49458.823218997364
2023-10-24,19,13,6,3,57,625426,494345,34568,9097,2269760,51181.05426356589
2023-10-25,21,13,6,6,55,644118,570908,17655,11490,2329104,47258.433168316835
2023-10-26,13,9,4,2,41,215259,346203,20119,0,894073,40847.72797927461
2023-10-27,12,22,2,4,47,294324,1003781,18354,0,1944925,40487.74651810585
2023-10-28,8,19,4,5,39,283744,796650,40694,4912,1655734,40702.563798219584
2023-10-29,11,13,5,2,34,392335,542026,40719,4008,2055946,40671.54242424243
2023-10-30,16,26,3,3,84,725962,1083195,8235,4008,3765395,41778.5350140056
2023-10-31,17,24,2,3,68,467671,966011,8528,6326,3627066,44218.051630434784
2023-11-01,18,13,6,2,72,453024,555613,14256,4189,2527510,42780.906493506496
2023-11-02,15,12,2,3,52,433828,260495,1177,4912,1664167,43537.229797979795
2023-11-03,13,12,4,1,56,385662,569794,13093,0,2126743,43018.66913580247
2023-11-04,10,13,6,0,22,489960,773220,12987,0,1292319,43966.87113402062
2023-11-05,8,16,5,1,46,254362,610752,28793,8665,2077133,42700.8325
2023-11-06,8,5,3,0,29,332337,162524,3902,0,2076666,44613.34492753623
2023-11-07,13,9,2,1,32,333636,297062,2833,0,1014890,41357.37216828479
2023-11-08,8,16,4,2,46,316392,560760,20271,2880,2364394,44580.60777385159
2023-11-09,9,7,4,4,41,170875,96774,17613,3669,2264850,48591.893382352944
2023-11-10,19,19,4,2,59,409840,579639,14338,1111,2799288,50507.41818181818
2023-11-11,13,19,5,3,81,391445,401628,72525,6709,3672758,48712.51197604791
2023-11-12,15,22,7,3,77,346951,425532,15179,0,3107665,47398.6602739726
2023-11-13,19,21,6,3,77,530816,612130,12671,1377,2365075,42588.18401937046
2023-11-14,18,14,4,3,74,541440,401269,19074,2513,4192408,45640.52307692308
2023-11-15,9,17,3,1,48,328778,656899,15039,1910,1464002,43470.56017505471
2023-11-16,11,17,2,4,38,438357,540165,9188,1910,2592078,44478.57709251101
2023-11-17,15,18,1,0,48,523280,546384,4725,0,2534031,44984.237020316024
2023-11-18,12,14,7,0,56,258013,466293,34409,0,2292146,44371.782296650716
2023-11-19,11,17,4,4,34,369460,550262,33625,9670,1278090,44580.88
2023-11-20,10,14,1,2,49,281654,636830,14964,0,1442930,45520.706051873196
2023-11-21,10,12,3,3,49,493406,639817,15943,15062,2160121,42743.472049689444
2023-11-22,9,15,1,2,43,284181,693286,23084,0,1223317,42658.400630914824
2023-11-23,11,7,3,1,28,276714,142875,52646,0,937892,38659.69706840391
2023-11-24,11,17,3,2,52,279447,654008,35447,6349,1779344,35735.81993569132
2023-11-25,12,11,4,0,44,397825,500237,12002,0,2336066,37316.92307692308
2023-11-26,8,8,2,0,52,275452,245918,1932,0,3577174,42450.6119873817
2023-11-27,10,8,4,2,39,416888,263721,1958,0,2616653,47656.57003257329
2023-11-28,13,11,3,1,47,365037,290219,9196,4409,2655951,49594.744262295084
2023-11-29,15,16,3,3,48,398185,525795,20079,12243,2639475,53363.08064516129
2023-11-30,7,10,1,1,47,212474,370069,0,0,2070994,53725.40121580547
2023-12-01,12,7,2,3,34,324249,50589,3537,2231,1831329,57002.06430868167
2023-12-02,8,8,2,2,32,226503,408124,1574,11994,1908841,57860.926421404685
2023-12-03,13,21,6,1,68,537233,770836,55100,0,3871351,55855.85396825397
2023-12-04,10,25,5,4,61,275133,907911,41572,5678,2794981,52738.640949554894
2023-12-05,16,11,6,4,63,412440,357522,18060,10660,3046375,51454.237960339946
2023-12-06,22,5,5,3,61,572872,141431,27620,4318,2417967,49021.41530054645
2023-12-07,18,17,2,3,57,439501,619282,20129,3160,3552027,51656.57180851064
2023-12-08,8,9,2,0,30,286330,288588,8956,0,703313,49179.717741935485
2023-12-09,10,9,2,1,39,246487,189276,4533,0,2318097,49351.21635883905
2023-12-10,9,21,3,3,56,284664,587737,7483,6292,1474713,44434.53133514986
2023-12-11,15,11,3,1,52,660041,437531,14185,3164,1818775,42824.76815642458
2023-12-12,10,16,3,3,58,276370,823631,15829,4013,2297669,41310.371104815866
2023-12-13,9,17,5,3,41,242549,511868,16993,7417,1085290,39789.44144144144
2023-12-14,11,13,6,5,41,212772,608220,35689,12007,2238260,37653.36593059937
2023-12-15,13,11,2,2,53,472991,304867,6258,1215,2455996,40261.17647058824
2023-12-16,10,10,2,1,26,225374,337487,20509,0,1359534,38930.388379204895
2023-12-17,9,10,4,3,36,264683,361109,35151,5373,1775413,42446.048859934854
2023-12-18,14,8,4,3,42,553475,346134,19123,13545,1970018,44384.444444444445
2023-12-19,9,14,2,3,39,293416,492698,3352,1215,726558,41766.43525179856
2023-12-20,9,22,4,2,56,173360,732075,13180,6311,2422926,44193.53242320819
2023-12-21,16,18,5,3,38,528537,690257,12933,1721,1634620,42569.18965517241
2023-12-22,12,13,8,0,35,404182,430878,18523,0,1289960,41099.37132352941
2023-12-23,12,10,5,3,64,354100,411666,18878,6492,2544820,39884.8870967742
2023-12-24,11,18,7,2,47,411683,878493,24505,0,2283897,40102.17757009346
2023-12-25,9,15,9,2,58,236664,663781,33023,3339,3263118,42035.30860534125
2023-12-26,7,8,3,1,45,252266,185958,22476,4758,2694782,47038.259475218656
2023-12-27,19,15,2,1,58,446939,796206,6185,0,2169194,46030.11884057971
2023-12-28,18,13,4,2,64,446593,496873,45001,0,3076405,46690.501347708894
2023-12-29,10,10,4,1,36,403356,264464,39997,0,1929778,48284.93010752688
2023-12-30,9,13,3,1,36,318733,391700,23775,4660,2020779,50691.723837209305
2023-12-31,14,11,0,0,50,313262,256764,0,0,2907125,52049.512968299714
2024-01-01,5,14,2,3,52,131829,381548,2344,6096,2652578,51174.90029325513
2024-01-02,10,14,4,5,57,276922,674971,24095,5707,2557152,49045.35694050991
2024-01-03,17,17,5,3,44,340465,817395,28319,0,3246564,54248.91150442478
2024-01-04,10,19,6,3,52,397610,620986,27007,9077,2229185,53648.81039755352
2024-01-05,11,15,7,2,63,176142,474783,37247,1535,2717910,51783.313559322036
2024-01-06,16,14,3,2,57,365852,404427,14806,7307,2820336,51015.6
2024-01-07,13,13,4,1,49,325535,440914,30594,8328,2670911,50520.41711229947
2024-01-08,10,15,5,3,49,209521,711764,44648,3820,1900380,48901.45013477089
2024-01-09,5,10,2,1,40,78263,341439,15553,8328,1746332,48959.372881355936
2024-01-10,12,12,2,2,44,351222,729390,4627,0,1180786,43123.8418079096
2024-01-11,10,9,7,3,62,258414,353324,26521,3777,3503009,45438.63736263736
2024-01-12,9,13,5,3,58,187391,433887,29533,2247,2302529,44914.437325905295
2024-01-13,14,12,6,0,52,519424,336277,29049,0,2379437,44303.34463276836
2024-01-14,14,17,6,1,61,409723,541044,32877,0,2255799,41716.59016393442
2024-01-15,16,21,6,3,80,515894,639333,27732,2192,4839313,45861.97732997481
2024-01-16,20,13,5,4,64,432763,697551,24709,6509,3115056,46498.64370546318
2024-01-17,21,9,5,4,55,465344,393027,25811,12117,3020521,49573.2962962963
2024-01-18,12,10,4,2,49,230055,233417,17727,11441,1386796,46060.742243436755
2024-01-19,15,17,4,3,44,358135,674413,8907,3825,1830843,46488.30864197531
2024-01-20,18,23,4,2,59,450741,956122,18258,4452,1706463,44065.02669902913
2024-01-21,13,13,2,3,56,638750,256020,2212,6797,1971989,43909.04422604423
2024-01-22,18,13,5,4,52,675029,532152,33806,17290,2575217,41179.116094986806
2024-01-23,20,24,6,4,57,661170,804545,7253,8823,2519141,40352.06989247312
2024-01-24,17,14,8,4,64,519170,478459,27820,4013,3030528,39425.13648293963
2024-01-25,12,6,5,2,39,504129,272213,9504,4184,2303084,42957.587601078165
2024-01-26,17,10,8,3,61,533151,263142,55225,2553,2164295,41934.83762886598
2024-01-27,10,17,4,2,47,339966,610179,31246,6429,2884455,46406.140957446805
2024-01-28,17,19,12,5,44,316417,455703,57035,12120,2435870,49210.41208791209
2024-01-29,12,21,4,2,40,402186,631704,21545,8854,2742152,51362.286931818184
2024-01-30,11,15,4,2,43,282258,386580,20024,8817,2489222,53401.20118343195
2024-01-31,14,15,0,3,58,527321,821684,0,17531,2211268,51898.632530120485
2024-02-01,18,15,4,3,55,422665,517319,5149,0,3162567,51982.26724137931
2024-02-02,11,17,3,3,44,275952,525371,2125,9849,3422820,58454.2416918429
2024-02-03,19,17,3,1,38,609083,400194,10754,2106,1881067,56971.94409937888
2024-02-04,17,18,3,0,40,589835,366202,17837,0,2551326,58051.64150943396
2024-02-05,10,13,3,2,51,260547,189664,25078,3414,2479224,55311.53191489362
2024-02-06,14,14,1,2,31,305926,360656,0,5617,1251600,53501.17350157729
2024-02-07,18,17,4,1,54,387624,625763,8224,6492,2050265,53670.507987220444
2024-02-08,16,15,3,2,58,360793,253068,11475,6755,2524994,51143.3417721519
2024-02-09,20,15,2,3,44,736657,556854,19210,10875,1190470,44078.943037974685
2024-02-10,15,18,3,1,56,541171,765628,32103,0,3008870,45080.0868263473
2024-02-11,13,17,3,2,57,421194,655068,43843,4189,2823538,43672.253561253565
2024-02-12,13,14,6,1,56,329965,546974,54331,0,2072148,41915.40730337079
2024-02-13,14,13,6,3,46,416025,563027,32664,7281,2601106,43858.19676549865
2024-02-14,16,7,5,2,54,385690,429155,29790,0,2734260,45701.84905660377
2024-02-15,17,18,4,3,62,581809,634654,30397,6272,2530926,45230.181333333334
2024-02-16,13,19,2,2,65,424970,747594,5894,4870,3476028,48603.22222222222
2024-02-17,11,7,4,0,38,369560,253276,35964,0,2467847,49486.3835978836
2024-02-18,17,11,0,4,44,452962,316205,0,8140,2109851,49293.60547945205
2024-02-19,15,6,5,2,44,430260,166027,60523,2936,2554722,52336.37393767705
2024-02-20,6,17,3,2,42,136369,554020,26410,5623,1633100,50162.56160458452
2024-02-21,10,18,4,1,48,319903,695782,20934,0,2577806,50583.90670553936
2024-02-22,11,9,2,3,38,376447,212210,9485,4912,1981681,52667.82131661442
2024-02-23,16,13,4,2,36,483530,445931,25409,2809,1493624,51098.7275862069
2024-02-24,14,15,2,1,58,460662,528341,5682,10117,3024910,49599.012903225805
2024-02-25,12,9,1,2,44,206577,280825,31702,0,1771153,48506.43870967742
2024-02-26,16,20,2,2,53,262948,631139,40014,5263,2749883,47749.70846394984
2024-02-27,8,13,4,2,49,297887,565517,30665,10327,1869005,47448.04294478527
2024-02-28,16,20,3,2,52,409878,1060632,7047,0,1288865,42967.03333333333
2024-02-29,23,15,5,0,45,623109,572426,8500,0,1716145,41286.60237388724
2024-03-01,24,16,0,2,48,558271,516142,0,0,3043725,44308.5558739255
2024-03-02,14,13,4,4,42,431965,638658,13230,8423,1553743,42019.576576576575
2024-03-03,15,18,7,5,69,489776,873524,27318,17062,3374892,43564.96648044693
2024-03-04,12,12,4,3,72,521399,530861,14268,4013,3676369,43826.90716180371
2024-03-05,14,9,5,2,53,327296,408818,14384,8428,2359655,44654.577427821525
2024-03-06,9,12,2,2,35,391620,469989,0,7222,1779453,48087.86263736264
2024-03-07,15,16,6,3,50,414657,592028,15023,3097,2056671,48359.10027100271
2024-03-08,19,18,6,2,67,457094,599266,20430,0,3121047,46190.28350515464
2024-03-09,11,10,2,3,43,472390,245605,3459,3257,1748532,46572.285347043704
2024-03-10,17,13,4,1,45,477064,495505,21467,3257,2642858,47629.0
2024-03-11,16,22,3,2,69,360497,487977,20541,7845,2715201,45368.55524861879
2024-03-12,19,18,7,6,79,666738,603839,48513,3354,3435584,45101.407216494845
2024-03-13,20,13,5,4,52,721784,549076,14448,7573,2634960,45320.624691358025
2024-03-14,10,11,2,1,45,240540,452668,2560,3806,2640966,47347.87
2024-03-15,17,23,5,4,70,431150,778621,21670,5636,3628514,48254.627791563275
2024-03-16,28,23,9,2,89,726073,974706,24954,6715,4950944,50443.267260579065
2024-03-17,18,21,8,2,82,446159,773669,27227,9668,3824417,49034.12757201646
2024-03-18,24,26,7,2,69,840203,1011250,59530,3321,2547219,48688.48559670782
2024-03-19,23,16,6,7,53,639662,522930,47002,23471,3168961,50860.828260869566
2024-03-20,18,17,4,4,60,631297,892987,20624,7888,4222015,53382.555555555555
2024-03-21,19,16,2,3,62,586001,455547,6706,7692,2537288,51297.64536082474
2024-03-22,21,20,4,2,70,421929,921866,61120,3699,3029540,50062.64742268041
2024-03-23,15,29,8,4,64,484278,1063718,51622,0,2874292,48268.98260869565
2024-03-24,20,20,5,1,69,583843,664586,13123,0,2563076,46850.98657718121
2024-03-25,15,22,6,2,65,420737,817048,26147,6104,3602003,49655.02257336343
2024-03-26,22,12,4,2,57,661439,435840,30164,6104,1805901,46161.33109619687
2024-03-27,18,13,6,7,65,521171,339177,26146,19881,2996646,42939.70353982301
2024-03-28,16,13,7,2,65,527904,462946,29128,7281,2800927,43236.01098901099
2024-03-29,13,16,5,1,80,416527,602166,19617,6429,5677550,48000.84946236559
2024-03-30,18,21,7,1,65,490788,1067680,23158,3455,4450671,51280.63090128756
2024-03-31,17,18,4,3,85,408860,831351,1975,0,4492703,53581.74481327801
2024-04-01,18,16,5,4,69,512296,472615,11546,11330,2462421,50795.923868312755
2024-04-02,13,23,2,6,54,437881,933803,17706,4318,2451059,52447.15734989648
2024-04-03,19,16,6,1,59,676820,666837,23685,0,2709860,52505.64150943396
2024-04-04,13,6,6,2,58,294080,193974,23890,0,2196270,52001.13617021277
2024-04-05,12,15,7,3,53,252364,433585,46327,6426,2524839,48053.77652370203
2024-04-06,20,32,3,2,77,323991,1214937,6764,7672,4321109,46501.672527472525
2024-04-07,21,17,4,1,57,435016,522763,1921,0,2999441,46053.861826697896
2024-04-08,20,22,9,7,77,469002,917888,24792,11729,2742900,45851.67356321839
2024-04-09,13,14,9,3,70,368128,649733,34079,0,3011057,45466.68736141907
2024-04-10,20,22,4,1,76,710257,842422,33159,1988,3512303,45529.74145299145
2024-04-11,18,19,6,5,73,560650,731610,26366,8459,3023112,45827.66252587992
2024-04-12,23,10,4,2,45,555529,285868,57906,0,1695516,44853.55368421053
2024-04-13,19,18,2,1,75,306765,811163,9314,0,3459494,43221.61310782241
2024-04-14,16,21,5,3,76,361599,838838,12496,3398,4218705,44030.66463414634
2024-04-15,10,22,6,6,65,214811,830198,13113,13099,3393840,46487.55625
2024-04-16,14,15,3,7,55,306629,435412,8683,16922,3351360,48718.98924731183
2024-04-17,13,13,4,1,50,348704,425994,28109,4621,1619583,47292.961275626425
2024-04-18,10,18,0,4,62,168902,619560,0,26572,2236310,46670.11214953271
2024-04-19,12,12,1,1,49,462449,342463,0,0,2537049,48185.97453703704
2024-04-20,18,22,6,0,76,420119,898223,40456,0,3640682,48493.13856812933
2024-04-21,21,18,6,1,77,607595,528842,46411,3777,3828096,47481.38248847926
2024-04-22,8,19,7,3,71,190215,618058,23563,3699,3007034,45954.80454545454
2024-04-23,20,25,8,2,84,482754,1131696,18029,0,3323937,43054.77825159915
2024-04-24,22,15,4,3,62,784785,540747,14173,0,2979537,44807.99376299376
2024-04-25,15,14,4,4,46,435991,686882,13750,12180,2623240,47181.88172043011
2024-04-26,24,20,1,3,61,694169,700327,20304,9650,2890869,46736.67714884696
2024-04-27,19,19,1,3,79,537317,492404,20304,0,2651484,44383.74375
2024-04-28,6,17,2,3,53,252136,856014,471,5133,2908460,44702.98464912281
2024-04-29,18,19,3,3,54,361695,752179,19041,11963,1957761,44043.93621867881
2024-04-30,26,26,5,6,83,681254,1059502,26039,4766,2974952,43347.723744292234
2024-05-01,16,17,2,5,57,422868,827718,7694,19283,2910338,43688.46189376443
2024-05-02,17,14,4,0,48,416825,577991,13373,0,1802353,41600.49885057471
2024-05-03,18,14,3,2,57,462614,586435,10861,2181,2631772,41385.42923433875
2024-05-04,12,13,6,3,74,350842,514264,38838,7212,3240224,43253.19248826291
2024-05-05,21,16,3,2,76,502269,432839,25519,4318,4149172,43800.8285077951
2024-05-06,27,14,9,1,74,804057,393868,45339,0,3963821,46210.30277185501
2024-05-07,18,21,6,5,78,538911,933097,40886,15227,4073059,49074.86853448276
2024-05-08,16,19,3,4,51,406366,581935,3136,4125,2236449,48246.39737991266
2024-05-09,15,25,9,1,72,444404,744882,39870,0,3539913,49448.983402489626
2024-05-10,16,22,4,6,52,529103,545857,15471,15349,3671197,52146.40461215933
2024-05-11,16,17,8,3,58,224813,633686,28384,5568,2354442,52034.82212581345
2024-05-12,23,23,7,1,68,511326,1055848,58640,4912,1937216,48070.85430463576
2024-05-13,21,24,7,3,92,608708,635329,43383,9933,5919231,50385.36518046709
2024-05-14,17,19,7,2,66,547256,544503,29869,4161,3113333,49611.72331154684
2024-05-15,25,21,9,5,79,780758,627584,30573,9391,3277892,48897.79055441479
2024-05-16,20,22,5,7,79,568685,943691,19145,10797,2899266,46908.05060728745
2024-05-17,16,22,3,2,73,413479,970827,22611,6194,3299871,44274.273786407764
2024-05-18,15,14,3,2,41,364522,542570,16930,4505,1720500,44512.6686746988
2024-05-19,19,22,3,3,72,631334,738888,29674,9886,3490721,47252.61752988048
2024-05-20,18,13,2,3,49,617359,480889,7862,13758,3198293,45751.36383442266
2024-05-21,20,20,5,2,76,639976,910568,18847,3847,3484309,45566.84861407249
2024-05-22,18,26,6,0,68,297156,1080050,11332,0,2373638,44686.89519650655
2024-05-23,20,19,6,4,80,472551,815045,29300,2774,3961350,46903.44662309368
2024-05-24,16,24,6,3,59,475782,1015155,70584,2774,3041089,47797.52808988764
2024-05-25,19,15,7,1,59,540230,665568,57708,0,2156888,46881.83153347732
2024-05-26,26,18,4,3,85,783526,688571,29455,6963,2305855,43112.231092436974
2024-05-27,22,19,6,3,81,632409,771985,23289,10225,5099593,44139.21653543307
2024-05-28,21,23,7,6,83,606743,769192,18033,21316,4485330,45482.99611650485
2024-05-29,19,21,10,5,74,537416,725510,67898,3782,3173260,46493.98272552783
2024-05-30,14,13,8,3,50,343008,466603,17770,0,1598907,44523.26272912424
2024-05-31,13,18,8,6,64,390702,701356,18958,17737,3468196,44935.542338709674
2024-06-01,16,14,2,1,54,421732,485587,860,0,2372436,45832.13238289206
2024-06-02,20,22,4,2,94,423372,1008851,21767,0,4107539,48610.522
2024-06-03,19,22,5,3,78,531509,652271,12345,3932,3780277,46249.38631790745
2024-06-04,25,17,6,4,79,815475,544351,30708,18390,3901804,45441.012170385395
2024-06-05,23,13,4,3,55,758555,541345,21452,0,2577887,46006.426160337556
2024-06-06,19,18,5,5,49,484492,362419,20319,13711,2502000,48012.97885835095
2024-06-07,15,15,4,1,52,479293,548533,47556,1111,1746983,45529.123644251624
2024-06-08,13,10,2,2,57,279191,425041,5169,1111,3003782,46595.41379310345
2024-06-09,13,12,2,1,48,268585,474164,1099,0,2231180,47234.24162679426
2024-06-10,27,27,6,2,73,562149,1023954,27766,0,2616205,44987.50847457627
2024-06-11,11,20,5,3,54,207562,276904,12678,8335,2601504,44534.89948453608
2024-06-12,21,12,8,4,46,654442,509303,48766,0,2242930,44708.66490765171
2024-06-13,31,17,5,5,48,852101,626292,64459,0,2105614,43778.30158730159
2024-06-14,20,23,4,6,68,457048,855175,8735,2374,3705727,46971.93401015228
2024-06-15,16,27,9,6,76,472777,1031727,43709,21558,3279054,45477.51573849879
2024-06-16,17,20,10,4,73,411230,693084,79290,14123,3415474,45585.634703196345
2024-06-17,19,15,4,3,75,793373,710823,37581,0,2805607,45808.88636363636
2024-06-18,29,12,5,4,49,814134,480560,11779,10843,2121829,45232.724137931036
2024-06-19,24,26,3,3,81,599022,772614,12711,10843,4313882,46270.61063829787
2024-06-20,11,23,2,4,53,215758,745611,22890,11067,2147311,45871.3347368421
2024-06-21,14,12,3,6,62,484673,504797,38658,21624,2622541,44148.609808102345
2024-06-22,21,24,5,3,70,589601,560787,6944,5486,3670308,45565.77105831533
2024-06-23,28,21,3,3,67,601470,600634,4070,8270,3024131,45307.67833698031
2024-06-24,24,29,3,3,76,598683,1187192,27377,8226,3780486,47337.31004366812
2024-06-25,14,19,2,3,67,410071,660440,20913,3390,3033206,47461.9012605042
2024-06-26,20,24,4,4,73,426803,838658,12923,3390,3330282,46171.506410256414
2024-06-27,22,18,7,3,90,585913,766957,25635,7224,3185011,44843.49504950495
2024-06-28,22,9,8,4,76,565348,325992,36411,6638,3984124,46257.31791907515
2024-06-29,13,14,1,1,49,382055,533568,721,2127,1705541,44262.6124497992
2024-06-30,15,12,6,1,61,437833,518419,14577,6817,3282626,45327.79674796748
2024-07-01,23,14,4,2,45,626940,552862,21093,5047,1700369,43863.68546637744
2024-07-02,14,14,2,3,47,330309,406065,16870,12397,1752264,42948.337868480725
2024-07-03,20,23,4,4,77,581976,773594,21166,0,3117349,42083.78426966292
2024-07-04,18,15,9,2,89,498487,637760,51632,6759,2770643,41245.30630630631
2024-07-05,19,20,6,3,66,445704,970326,18238,11435,2540674,38869.73732718894
2024-07-06,26,20,7,5,73,684455,649774,31992,14837,3763535,41326.33187772926
2024-07-07,21,11,6,4,85,356171,354709,12474,5787,4795577,42407.49170124481
2024-07-08,29,15,4,2,79,757392,687588,57120,0,3082240,42291.24418604651
2024-07-09,33,21,5,7,91,839821,761414,7272,13328,4681992,44200.017857142855
2024-07-10,27,13,6,6,75,547743,394226,30012,10526,3176211,44463.92831541219
2024-07-11,27,28,8,4,80,804280,1029592,34852,21252,3233010,46035.043715846994
2024-07-12,24,19,9,4,74,692564,957235,22177,12427,3192456,46544.02333931778
2024-07-13,24,23,10,3,72,619913,573979,63191,10046,2973063,45206.02338129497
2024-07-14,21,18,8,4,82,420656,466777,35964,15814,4528991,44969.19168173599
2024-07-15,13,18,10,3,81,279697,766281,39172,4773,3000541,44659.935135135136
2024-07-16,21,19,9,6,84,487597,518454,59231,14093,3014351,42187.26824817518
2024-07-17,19,27,10,5,78,492235,879637,67028,12309,4655091,44641.56624319419
2024-07-18,11,9,8,1,40,201696,288525,77553,0,2360122,46427.8180039139
2024-07-19,17,13,5,0,62,322761,558359,43897,0,3594949,48350.917835671346
2024-07-20,21,20,4,2,66,508382,823922,26229,0,1801528,46563.028397565926
2024-07-21,19,20,6,3,73,650009,839417,21920,0,4204074,46757.55371900826
2024-07-22,17,13,6,0,54,624422,469716,45142,0,2542658,48518.10284463895
2024-07-23,19,17,2,1,54,644268,612284,5010,0,2865364,51577.95316159251
2024-07-24,16,10,4,4,51,495454,452464,9707,10777,2678556,50118.1275
2024-07-25,15,16,5,6,71,458377,321290,47122,15496,3828984,49921.375870069605
2024-07-26,18,11,6,5,58,453111,353074,19184,14254,3375894,49876.014051522245
2024-07-27,18,7,3,7,67,659595,181380,9069,22432,3042355,52658.60981308411
2024-07-28,22,19,4,2,64,570082,715874,8701,0,3467467,52031.689737470166
2024-07-29,19,19,6,4,78,639967,726491,43765,13188,3620688,51646.293453724604
2024-07-30,21,23,5,3,68,611627,824543,11374,12503,2927615,50200.34792122538
2024-07-31,20,13,5,3,76,579168,430081,26399,5354,3125784,48524.45435684647
2024-08-01,20,16,7,7,61,468385,399253,28799,11446,2545278,46832.79872881356
2024-08-02,9,13,2,2,59,262403,561790,1799,5247,2890402,45707.37632135306
2024-08-03,18,18,4,3,50,399618,629177,17045,6867,2343051,45877.81798245614
2024-08-04,23,16,6,6,68,616356,399588,6382,13847,2695198,43800.034782608695
2024-08-05,22,20,5,3,58,650055,822959,33373,10269,2760264,43835.43636363636
2024-08-06,13,10,3,3,50,416802,252863,30392,3371,2171109,43912.526066350714
2024-08-07,10,9,1,2,39,263680,190336,6942,13246,1817751,44735.2025974026
2024-08-08,17,13,1,4,66,454083,870767,4725,6092,3186082,45804.76153846154
2024-08-09,13,22,7,3,65,297279,843755,33102,4577,3203153,45900.52525252525
2024-08-10,20,19,7,1,51,512504,858055,40348,3926,2719334,46732.722921914356
2024-08-11,25,22,3,2,70,564197,610992,44945,11494,3685303,48979.93984962406
2024-08-12,14,20,7,4,78,347680,693857,48196,2998,2680540,46451.723150358
2024-08-13,13,11,7,2,47,480413,267269,59335,6010,2653762,47946.935096153844
2024-08-14,16,10,5,1,40,462728,418231,21653,0,2712198,49976.91127098321
2024-08-15,12,1,1,3,30,342034,59512,5072,3818,1751917,50934.92650918635
2024-08-16,16,12,6,2,39,629210,391824,45916,4091,1751954,50577.487323943664
2024-08-17,9,15,2,2,48,161764,396720,36903,0,3342427,52778.69602272727
2024-08-18,14,7,0,1,45,417513,184008,0,4563,2103196,51975.516819571865
2024-08-19,17,13,3,1,42,349471,501385,15242,0,1509927,54382.75257731959
2024-08-20,18,13,1,0,39,377106,728359,0,0,2582693,55668.94699646643
2024-08-21,15,13,6,1,47,362121,375706,9389,0,2428978,53348.59310344828
2024-08-22,25,16,7,3,49,752440,595473,87476,0,1615910,49628.1067961165
2024-08-23,27,17,4,6,46,802014,607930,18937,9761,2721198,51595.97784810127
2024-08-24,17,13,3,1,66,563596,434809,17969,0,2681160,46835.51497005988
2024-08-25,16,21,8,4,69,383642,992111,34968,0,3463562,47495.608938547484
2024-08-26,21,22,10,5,80,640915,697763,46094,7274,3500190,47963.86616161616
2024-08-27,24,7,3,2,67,621289,288857,13236,6652,2135125,43740.856132075474
2024-08-28,13,16,2,3,50,335304,697998,31319,0,2665125,43986.58079625293
2024-08-29,18,14,2,3,64,475972,312923,1620,0,2090686,43567.97737556561
2024-08-30,17,20,2,2,57,309905,838036,1128,1801,1970641,40853.176600441504
2024-08-31,15,19,7,1,64,163665,546220,22845,0,2546253,40735.215077605324
2024-09-01,26,15,4,3,53,541522,636763,32332,11087,2111323,39124.92643678161
2024-09-02,18,19,4,5,67,489070,628810,20283,19366,3114861,39417.09478672986
2024-09-03,23,13,7,5,67,579794,443450,29453,18703,3707625,43143.398104265405
2024-09-04,19,17,3,3,70,488162,430956,5940,7814,3316344,42664.554298642535
2024-09-05,20,15,2,2,65,548636,495502,5009,6313,3492996,45733.73137697517
2024-09-06,27,17,5,4,70,787098,811190,17048,8651,3945465,48760.67324561404
2024-09-07,8,10,3,3,55,276481,525282,4516,3558,1299582,46953.45861297539
2024-09-08,15,16,0,1,36,483918,1009004,0,0,1246355,46798.20465116279
2024-09-09,16,15,4,4,61,406623,540417,20504,2452,3175676,47603.875
2024-09-10,24,24,10,4,76,755812,993222,89554,6149,3673345,46535.2494226328
2024-09-11,18,21,10,4,71,318252,894080,46458,3317,3994481,47990.55299539171
2024-09-12,20,25,4,2,64,505096,1291811,9544,0,2543213,45907.89145496536
2024-09-13,20,21,3,4,58,506584,897911,16225,7603,1530300,41479.69596199525
2024-09-14,20,19,4,3,62,559592,529291,12929,7109,2467647,43530.41355140187
2024-09-15,13,7,7,4,33,408928,311948,28319,14098,1460630,44341.86352941176
2024-09-16,21,15,7,2,61,575330,464504,40567,7753,3088664,44137.129411764705
2024-09-17,20,13,10,4,46,444864,620013,45059,6237,1780654,42697.693670886074
2024-09-18,19,19,6,2,56,354498,817923,29692,2817,4062403,44561.87105263158
2024-09-19,16,12,6,3,66,486080,293893,60885,5251,3637770,47193.89528795811
2024-09-20,17,12,4,3,60,423124,376645,37965,0,1920381,47963.9296875
2024-09-21,16,15,10,2,61,376236,581543,90660,4470,2364983,47821.10966057441
2024-09-22,17,16,9,3,53,338211,473097,21072,5042,2194264,47268.28535980149
2024-09-23,13,7,3,3,54,314467,374634,14100,4262,3479178,49089.982323232325
2024-09-24,15,10,4,6,56,585327,511519,13073,12380,2041537,48523.43842364532
2024-09-25,11,11,4,1,40,433716,504516,11343,0,2762883,47182.041025641025
2024-09-26,16,13,5,3,50,401610,329420,23467,10329,1713994,44056.737967914436
2024-09-27,25,16,8,6,43,708618,544233,70694,18021,1920975,46156.34173669468
2024-09-28,20,17,5,3,44,428005,669726,54763,4903,1340119,45449.85294117647
2024-09-29,18,22,3,0,52,372286,1133522,14775,0,3267740,48750.5191740413
2024-09-30,11,8,1,0,40,298813,506543,2398,0,2122718,46676.81846153846
2024-10-01,14,19,3,2,45,454142,678724,27893,8078,1845809,47688.65605095541
2024-10-02,27,20,7,6,59,700671,775989,47839,15752,2759995,44959.00900900901
2024-10-03,20,17,7,7,68,479103,681962,37682,2627,2217982,44089.282051282054
2024-10-04,20,13,4,1,58,563241,427577,39471,0,3261463,45944.879781420765
2024-10-05,14,13,0,5,48,373538,496920,0,12821,3158267,50362.09189189189
2024-10-06,11,6,5,1,34,237774,63649,8754,0,1909132,49077.744318181816
2024-10-07,15,19,5,2,63,434087,767918,18080,7032,3147431,48800.210666666666
2024-10-08,24,16,11,5,65,705517,546679,32175,7884,3057779,49397.59240506329
2024-10-09,19,16,8,3,44,351258,763315,11849,4505,1681085,48508.26052631579
2024-10-10,18,19,4,2,47,487580,894948,15756,4394,2160936,51186.88857938719
2024-10-11,17,10,5,2,52,353613,273625,30063,0,2063791,48664.0821529745
2024-10-12,23,13,4,4,50,515884,258878,14829,6056,2922762,47726.523943661974
2024-10-13,14,8,1,5,41,363946,527172,3523,6248,1485666,45633.839779005524
2024-10-14,18,14,4,3,50,499251,484689,12605,9005,2856860,46501.085959885386
2024-10-15,16,11,3,6,48,436980,546045,9979,17975,1473306,44109.656626506025
2024-10-16,17,9,6,1,52,484779,266245,21563,2743,1717560,43179.06176470588
2024-10-17,20,10,10,5,56,493476,163650,38274,17770,2068660,41801.16045845272
2024-10-18,14,13,6,1,52,454224,222241,42238,6736,3408583,45654.432664756445
2024-10-19,29,15,4,3,67,812140,376491,10689,4434,2629338,42732.166666666664
2024-10-20,27,24,3,5,63,709049,1071727,7961,10238,2545334,43040.3118556701
2024-10-21,17,12,4,4,55,223134,653449,42718,2504,1674631,39484.50890585242
2024-10-22,17,10,1,5,46,431301,651323,3391,13034,1954469,40917.071611253195
2024-10-23,19,11,3,4,43,466795,659602,26995,3796,2634847,44282.3612565445
2024-10-24,10,6,1,4,40,255626,325105,2093,11319,2031136,46115.67759562842
2024-10-25,19,16,5,5,68,490966,557980,7648,11758,3916053,45512.58638743455
2024-10-26,27,8,9,6,46,583272,243150,49812,5568,2446881,47654.71191135734
2024-10-27,23,17,3,5,61,643368,743594,61091,9443,2250346,47098.50417827298
2024-10-28,14,14,4,1,48,380062,588012,44132,6739,1628999,47905.485795454544
2024-10-29,16,12,6,6,42,429729,449813,31670,22949,1261246,46464.10344827586
2024-10-30,17,15,3,4,45,445363,569546,33022,1469,742883,40792.98285714286
2024-10-31,11,10,2,0,29,202812,334905,13786,0,959228,38954.67846607669
2024-11-01,22,11,8,0,55,594598,350490,19016,0,1985441,34585.96319018405
2024-11-02,14,14,7,3,51,180218,419617,20486,5911,2207188,33339.36858006042
2024-11-03,11,17,4,3,59,257319,738531,16344,5911,2657512,34779.62613981763
2024-11-04,21,13,9,5,53,675221,590407,39908,13532,2660950,37348.64670658683
2024-11-05,14,10,4,6,44,239577,371982,15523,4381,1909709,39056.28273809524
2024-11-06,25,17,3,2,61,626303,644784,12916,8078,3852482,46115.08522727273
2024-11-07,23,18,3,2,52,788394,582102,5092,2897,2988558,48698.24
2024-11-08,20,13,2,1,36,664647,498966,853,0,1598119,50209.3202247191
2024-11-09,17,8,1,2,49,508581,328714,770,9651,1921029,49684.62994350283
2024-11-10,21,13,6,2,50,480209,525886,18431,0,2329919,50031.20579710145
2024-11-11,19,10,2,7,61,362935,208100,6389,12927,3484800,51231.20679886686
2024-11-12,15,19,5,5,59,472174,601742,18329,19858,3333357,53011.586956521736
2024-11-13,14,11,5,3,34,286830,314357,38573,7590,1420187,50076.15542521994
2024-11-14,18,10,7,5,45,483331,485394,18832,0,1907145,47887.89221556886
2024-11-15,12,15,4,1,39,439462,579931,17238,0,1373889,46796.219584569735
2024-11-16,14,11,3,0,32,333174,386051,14468,0,1551174,48126.471875
2024-11-17,22,14,1,3,36,362881,605245,7249,8065,1581361,47882.06862745098
2024-11-18,21,16,6,4,54,315052,464771,44795,18841,3143712,47862.29096989967
2024-11-19,11,8,10,3,37,228880,205513,87527,6680,1814003,46178.59566787004
2024-11-20,12,12,3,3,39,363744,455122,15614,2060,1697998,46344.97163120568
2024-11-21,10,16,1,0,32,188108,621049,8530,0,2600904,51163.72118959108
2024-11-22,23,16,5,4,43,627980,567471,18479,10451,1837346,52111.71428571428
2024-11-23,9,14,4,2,48,238202,502144,15611,2783,1702351,49749.740484429065
2024-11-24,13,9,4,1,33,287377,497863,23903,3784,834506,47660.20979020979
2024-11-25,12,11,3,7,38,176101,490430,10241,17222,2638101,48611.88518518519
2024-11-26,11,12,6,3,32,403218,474336,50500,2504,2181097,50914.350943396224
2024-11-27,10,8,2,2,34,247635,370418,28750,2940,1647715,51700.07692307692
2024-11-28,11,13,2,2,41,223320,466072,26032,9744,880462,43574.63940520446
2024-11-29,14,9,3,1,50,504714,567910,15868,0,1651464,41796.0
2024-11-30,18,13,4,0,32,629758,522497,19098,0,1591526,43941.81153846154
2024-12-01,9,12,6,2,39,210067,579329,20886,3192,287064,40892.59022556391
2024-12-02,11,14,3,3,47,249862,303061,4704,3192,1816869,36567.98909090909
2024-12-03,15,10,3,1,21,386243,412307,4184,5707,491464,31691.530303030304
2024-12-04,16,11,2,1,40,419751,433692,15799,0,1375778,29980.1
2024-12-05,8,11,3,2,30,128027,312898,37051,5228,1358820,33100.32818532819
2024-12-06,7,10,3,5,25,72435,237629,26578,8530,1004632,33872.44871794872
2024-12-07,8,11,3,1,33,178973,286844,32019,10184,1641862,33942.506382978725
2024-12-08,10,7,1,0,26,194826,180648,2093,0,830705,38378.963963963964
2024-12-09,13,12,5,1,32,358162,667849,24016,5951,1648631,40347.30434782609
2024-12-10,9,9,5,4,36,204665,411703,43452,10094,1611980,42668.504504504504
2024-12-11,13,9,7,3,39,316421,197989,24154,4886,1665606,44173.01357466063
2024-12-12,15,17,5,2,51,254695,789149,27286,0,2195337,43796.5
2024-12-13,9,12,4,2,34,156798,381731,31394,4511,1835831,45537.657370517925
2024-12-14,11,9,4,0,34,346750,342433,11883,0,1627282,45299.09523809524
2024-12-15,14,14,8,0,41,448496,629151,5287,0,2463148,48868.22097378277
2024-12-16,13,10,3,3,49,330185,391852,18447,13562,2041656,47326.90140845071
2024-12-17,17,9,4,2,38,464170,205656,24156,2510,1192108,45527.86013986014
2024-12-18,7,6,0,3,21,141848,208127,0,5667,1482889,47903.92164179104
2024-12-19,15,6,0,4,42,336929,175248,0,8605,1209144,45760.8416988417
2024-12-20,14,7,2,4,54,565836,415993,15147,8605,1638616,41773.63082437276
2024-12-21,16,11,1,1,38,312488,463611,11224,0,1979180,42426.64664310954
2024-12-22,15,14,3,2,38,366502,808488,35732,14718,2376161,42570.55
2024-12-23,10,7,7,2,34,326558,525503,19509,0,1282898,42116.96603773585
2024-12-24,12,12,5,2,31,311392,486222,39366,4709,936846,42270.28682170543
2024-12-25,15,16,5,8,31,284434,790629,28586,23059,1350125,40197.649253731346
2024-12-26,10,10,1,5,35,244545,472310,20437,22656,1276105,41532.30268199234
2024-12-27,14,13,1,2,38,205426,725342,2436,4074,1933372,45447.70204081633
2024-12-28,23,13,3,2,45,503627,476788,8215,0,2277920,45370.74206349206
2024-12-29,14,6,3,0,45,341425,280177,3413,0,2076179,42986.274131274135
2024-12-30,16,11,5,4,27,367571,488553,17874,8798,849004,42458.53571428572
2024-12-31,15,16,5,0,35,490329,661231,25838,0,1678052,44690.45703125
2025-01-01,20,12,2,3,51,371466,315230,8762,5771,2351307,45079.489130434784
2025-01-02,13,9,2,5,26,411639,341475,7973,22594,1469954,47325.04868913857
2025-01-03,18,9,7,3,45,622901,237682,43667,13983,3038303,50148.609489051094
2025-01-04,18,14,5,2,48,666222,610153,36841,0,1621874,47237.08664259928
2025-01-05,13,8,4,1,45,378427,257066,35480,5411,1752372,46068.1083032491
2025-01-06,14,14,5,2,32,414357,560496,51121,5411,620856,44442.26241134752
2025-01-07,17,14,3,4,40,493558,644859,20448,6640,2096115,45124.6724738676
2025-01-08,21,14,2,3,36,458508,475298,13733,5158,1160485,43235.143382352944
2025-01-09,15,13,5,1,45,504094,491138,48578,0,1832266,41657.28865979381
2025-01-10,17,15,3,0,50,481973,306913,27095,0,2291835,38431.76689189189
2025-01-11,18,14,2,1,57,380488,408074,9208,3315,3317436,42856.934426229505
2025-01-12,19,13,4,6,64,437038,468630,9530,12287,3124955,44580.08641975309
2025-01-13,14,13,7,2,45,424737,511167,54387,8958,2127133,47330.04451038576
2025-01-14,15,13,9,6,38,465357,458093,33375,13084,1728676,46515.77910447761
2025-01-15,18,16,4,4,37,455629,617041,14839,9670,1981160,48819.82440476191
2025-01-16,21,8,5,3,51,606221,410836,27827,10452,2355638,49493.663742690056
2025-01-17,19,13,1,5,53,402665,611875,7404,15908,2814758,50579.00289855072
2025-01-18,18,12,4,4,51,403728,292268,9850,9779,2643122,49485.0796460177
2025-01-19,21,14,4,4,41,690855,555616,17854,5263,1258774,47181.20569620253
2025-01-20,21,12,3,3,49,596019,278227,20206,6132,1805317,45585.765625
2025-01-21,13,19,5,4,47,409413,613098,34361,12327,1656884,44120.52583586626
2025-01-22,13,13,3,1,45,306398,479839,1445,0,2269515,43928.807121661725
2025-01-23,15,13,4,0,49,421284,763810,10549,0,2079759,43367.54925373134
2025-01-24,20,20,0,3,42,542598,832268,0,3452,2169879,42849.53703703704
2025-01-25,16,18,3,3,59,329257,704608,10247,2743,2187162,40443.64457831325
2025-01-26,16,5,5,4,68,312667,193242,19238,12444,3170629,42727.42339832869
2025-01-27,21,16,2,0,47,707513,539032,12809,0,1103355,41000.512605042015
2025-01-28,15,7,1,6,44,436272,335968,3218,4346,1978312,42255.963276836155
2025-01-29,23,14,4,3,54,539097,523404,5561,5141,1834211,40009.11019283746
2025-01-30,18,19,2,5,53,489574,398034,5188,11357,2705647,41278.460490463214
2025-01-31,23,7,5,2,50,577247,158895,10654,4316,1630114,38958.48
2025-02-01,15,17,4,0,39,360533,712947,23819,0,1674602,39709.49295774648
2025-02-02,12,10,3,1,50,411521,397215,13750,3705,1378171,36511.60830860534
2025-02-03,18,14,6,0,53,523889,730894,6978,0,2493210,39924.97667638484
2025-02-04,16,17,4,4,55,294361,659327,13862,1892,1865766,38366.443502824855
2025-02-05,17,10,4,4,47,405195,426703,27909,4758,1753702,38908.391930835736
2025-02-06,20,17,8,5,40,409443,676333,23889,12398,2256102,39076.84730538922
2025-02-07,14,12,7,2,33,333207,753961,26184,7897,1383643,40394.94006309148
2025-02-08,14,18,5,1,42,471470,781960,29986,0,1405240,39174.48125
2025-02-09,17,13,6,2,57,377268,242815,35788,0,1717641,39374.01834862385
2025-02-10,5,14,4,4,57,232590,581084,16262,8964,3078664,40666.942598187314
2025-02-11,20,14,8,7,61,387607,259558,18013,6458,2248740,41079.3234421365
2025-02-12,21,23,6,7,68,547839,714688,12425,6082,3636376,43928.50837988827
2025-02-13,35,31,7,6,72,1010137,1206148,10034,3917,3877773,44482.248717948714
2025-02-14,16,11,6,3,56,382970,245147,22390,8452,2741438,45292.66828087167
2025-02-15,17,14,2,3,49,391595,574260,2967,8121,2157988,46330.04761904762
2025-02-16,11,14,4,3,43,137065,507891,5698,5166,2428946,49679.618226600986
2025-02-17,19,10,5,3,43,451518,324761,22816,4785,2310561,49494.44387755102
2025-02-18,21,10,5,3,34,386826,248272,12151,0,2464650,53747.21095890411
2025-02-19,24,7,6,0,58,501936,124212,25369,0,2725974,52696.704225352114
2025-02-20,17,6,6,1,57,458676,382258,14801,0,2611064,51295.94411764706
2025-02-21,21,13,2,4,47,509375,639920,0,3192,2158389,50929.220543806645
2025-02-22,21,18,8,0,53,518590,561982,44403,0,3287427,53692.570149253734
2025-02-23,17,13,8,2,33,391750,466595,29876,11905,891467,50613.944615384615
2025-02-24,12,10,1,3,43,249041,443477,0,2060,1778785,48977.71076923077
2025-02-25,13,11,2,1,44,383996,713319,9015,6131,1721897,45298.51641791045
2025-02-26,12,10,3,2,28,303695,320917,9060,5133,1199614,44749.64918032787
2025-02-27,13,15,6,3,43,208116,504693,13249,3820,940050,41160.237113402065
2025-02-28,10,13,4,0,46,196547,1335812,43405,0,1405031,38704.38275862069
2025-03-01,11,14,5,3,42,196584,679558,33598,10090,1932263,35373.143369175625
2025-03-02,12,15,4,1,42,224548,659415,16235,0,2383995,39450.12152777778
2025-03-03,12,9,1,0,61,379025,320804,4418,0,3551132,42921.509803921566
2025-03-04,16,14,5,4,51,458844,668757,34699,10766,2385768,44082.59744408946
2025-03-05,23,19,3,1,54,562042,574602,13833,4442,2426495,44320.749262536876
2025-03-06,23,11,2,7,85,361606,499370,1913,11406,4403693,48525.923884514435
2025-03-07,14,9,7,1,66,333468,400789,13529,3818,2012782,47621.2668329177
2025-03-08,13,10,5,2,59,265448,395763,15426,0,2095831,46075.82775119617
2025-03-09,14,9,6,1,44,279179,207303,29383,0,2080133,45132.938095238096
2025-03-10,24,7,6,3,51,692624,291223,25871,12746,3465041,46023.763414634144
2025-03-11,15,11,3,3,33,488674,687346,5129,0,2542311,48536.44387755102
2025-03-12,21,9,4,1,52,543171,435338,24262,5858,2745555,49603.45128205128
2025-03-13,24,18,4,2,50,540908,520326,10996,6152,2076567,47938.64788732395
2025-03-14,17,21,3,2,41,378485,913665,18899,0,1663097,50510.71212121212
2025-03-15,22,12,8,1,58,397622,646608,21265,0,2385028,51543.25835866261
2025-03-16,26,15,15,4,71,739398,873166,100606,8274,3348158,51195.94662921348
2025-03-17,17,20,14,0,48,431919,811662,62970,0,2368542,48524.810198300285
2025-03-18,24,14,6,3,57,385764,369278,26752,5359,3311561,47476.14854111406
2025-03-19,22,11,4,4,50,818129,419866,19300,14171,2007546,45761.33066666667
2025-03-20,15,16,3,0,63,346709,810115,8118,0,3178055,47066.97680412371
2025-03-21,19,13,8,4,62,364588,640104,57463,10696,2482614,46654.04400977995
2025-03-22,15,6,6,0,44,309127,230954,35151,0,3006368,49880.61772151899
2025-03-23,21,17,7,3,50,605375,731515,37130,6642,2014740,49116.11229946524
2025-03-24,17,17,1,5,49,476732,889156,0,17427,1984315,47960.530666666666
2025-03-25,10,11,2,6,44,152928,458741,21283,16828,897553,43014.339779005524
2025-03-26,19,14,2,1,31,601502,304568,2246,0,952272,42320.45772594752
2025-03-27,25,18,3,1,41,808950,780772,9748,0,2694788,43715.42056074766
2025-03-28,32,24,6,0,73,757203,1009304,20986,0,3042317,43952.87048192771
2025-03-29,25,21,5,2,90,691783,739105,43727,5526,4029481,41310.75661375662
2025-03-30,18,15,4,5,84,396354,574419,30875,12514,2978000,40239.62621359223
2025-03-31,18,14,5,9,57,460515,543795,29692,19703,3027645,41957.276190476194
2025-04-01,36,19,3,10,73,836039,576353,40165,23442,3116039,44188.28953229399
2025-04-02,15,19,6,11,53,295331,496832,54782,23998,1690664,43692.0042462845
2025-04-03,14,8,1,4,58,315491,451847,2192,2993,2659881,42098.41598360656
2025-04-04,23,23,7,4,76,580347,1066872,20548,0,4503955,44818.0549898167
2025-04-05,24,20,4,3,55,494839,642533,21200,0,2468248,44834.28070175439
2025-04-06,29,16,10,3,68,737689,836693,72121,11375,2716688,45870.72727272727
2025-04-07,22,13,7,5,67,470330,498545,37411,7589,2780154,44301.397777777776
2025-04-08,15,17,3,7,76,356286,667559,8048,12002,3525756,44912.46357615894
2025-04-09,23,26,7,4,74,625031,823385,19816,3302,2684985,45020.39451476793
2025-04-10,25,21,8,2,67,571030,561291,32002,3963,3633402,46197.076604554866
2025-04-11,29,21,6,5,69,802202,585498,31235,13526,3561353,44896.18907563025
2025-04-12,24,22,5,4,61,549611,612714,48964,0,3862368,47229.680497925314
2025-04-13,25,17,4,3,71,617957,523217,58286,8538,3880730,49337.62474226804
2025-04-14,22,14,9,5,59,512670,519591,40869,7871,3216563,51079.99371069182
2025-04-15,10,11,4,3,32,279520,613389,21045,9741,1219726,50944.86605080831
2025-04-16,28,14,6,0,71,630100,830548,24172,0,3439877,53055.85813953488
2025-04-17,18,10,5,1,35,456106,812948,54641,5028,1069913,50880.72864321608
2025-04-18,10,9,3,4,21,219899,355513,16998,9842,903863,50265.828571428574
2025-04-19,17,12,1,3,36,599267,561833,5934,13594,1928138,48180.95384615385
2025-04-20,27,9,3,2,58,704371,413860,7583,3751,3186428,47963.166666666664
2025-04-21,23,17,6,4,74,414618,696559,9710,9521,3273360,45936.7125382263
2025-04-22,37,27,8,6,76,848209,1107576,35701,16317,3558785,46793.43396226415
2025-04-23,19,15,5,4,61,491328,742181,72711,9820,2815428,46359.875346260385
2025-04-24,24,17,7,5,57,499778,718092,23709,9363,1844101,45718.28459530026
2025-04-25,11,11,3,3,44,192355,403397,13556,9107,2071577,46004.47536945813
2025-04-26,22,16,5,6,90,615669,521926,12144,13300,3963917,45029.556521739134
2025-04-27,21,19,3,0,68,539676,674859,10955,0,3229002,44162.063829787236
2025-04-28,15,15,2,2,53,290318,499408,6594,7573,2053672,43511.095768374165
2025-04-29,18,20,2,2,48,514361,1006943,2545,2855,1994277,42688.77434679335
2025-04-30,19,22,4,3,50,322698,965841,7689,16114,2285155,42540.73414634146
2025-05-01,21,20,3,5,75,534263,832611,4484,7368,4317040,46529.53271028037
2025-05-02,27,11,5,4,72,673665,490609,33878,5665,2371651,44330.51315789474
2025-05-03,18,10,6,4,50,403955,292817,32311,11703,2438429,44926.02403846154
2025-05-04,18,15,4,3,58,370428,818680,16090,5247,3786372,47405.40886699507
2025-05-05,27,18,6,1,75,637105,881791,17182,0,3418375,48157.240654205605
2025-05-06,31,23,7,4,68,653723,1120442,19652,2470,2810352,47828.95982142857
2025-05-07,20,11,5,5,44,476953,412349,11674,9122,2284570,48476.89819004525
2025-05-08,7,3,2,2,27,227106,198990,25068,11582,626423,45015.66497461929
2025-05-09,18,16,4,4,62,345469,442571,16456,9708,1787170,44665.861979166664
2025-05-10,13,11,8,2,50,383815,284784,25126,5654,1668370,42660.5
2025-05-11,19,14,6,1,65,330642,633614,20469,0,2738553,39216.913043478264
2025-05-12,24,24,7,2,82,611808,976748,52871,0,3829192,39559.37185929648
2025-05-13,18,24,9,4,71,445725,796819,27155,16810,2539034,38586.81296758105
2025-05-14,21,18,7,4,72,503257,537241,22231,12293,3110562,37993.71561771562
2025-05-15,25,8,7,3,52,675418,324368,48949,6295,2171805,39305.47577092511
2025-05-16,19,22,11,2,59,407616,846191,135107,3763,3527356,43425.43680709534
2025-05-17,31,18,7,5,67,842343,954065,36280,10099,2657617,43961.792735042734
2025-05-18,24,16,6,2,70,508101,735691,20369,4453,3292912,44669.0866807611
2025-05-19,18,14,7,3,54,534404,293797,5682,1877,1953777,43265.31011235955
2025-05-20,22,21,5,6,71,589010,606394,4585,11834,3709997,45896.68764044944
2025-05-21,24,16,6,4,61,570663,493578,29850,14405,1510259,43372.633640552995
2025-05-22,24,17,4,6,69,695305,406250,14839,2272,1927775,41196.65853658537
2025-05-23,15,19,7,4,60,323043,585785,21786,2984,2829349,39561.25221238938
2025-05-24,28,18,10,3,61,733021,814576,55040,12866,2853695,40533.10313901345
2025-05-25,24,18,5,1,57,454410,537395,53200,5653,2515692,39955.066974595844
2025-05-26,31,26,6,3,56,709002,838571,23977,2166,3225735,42695.40689655172
2025-05-27,33,15,6,3,56,895872,775321,12892,10033,2845632,42162.23095238095
2025-05-28,21,15,9,2,63,401822,794679,39851,0,3455462,46571.89573459716
2025-05-29,20,19,8,4,85,595019,917683,36247,2368,4444130,50615.74200913242
2025-05-30,16,18,9,4,86,387251,615393,51747,8647,2585922,47254.887931034486
2025-05-31,27,22,5,5,68,530017,706297,28662,2768,3046521,46961.983014861995
2025-06-01,34,17,10,3,69,896752,635884,32218,17363,3318106,47456.53830227743
2025-06-02,25,18,8,1,57,691433,410752,24604,3597,2749722,46374.989669421484
2025-06-03,17,19,8,4,60,509510,976394,23708,10655,2739637,45777.66393442623
2025-06-04,29,8,8,6,82,942616,382616,29517,19500,4132863,45398.2268244576
2025-06-05,20,16,4,2,65,653455,862530,11074,0,3037199,44373.65503080082
2025-06-06,14,15,4,4,59,318218,497838,3290,6653,1900548,45488.252173913046
2025-06-07,14,17,9,3,53,428358,469835,56130,2639,3083227,47104.049438202244
2025-06-08,23,26,9,1,69,627036,965788,44907,4318,3686265,47931.37303370787
2025-06-09,28,21,3,1,58,758379,648568,37063,2192,2402310,47044.9529147982
2025-06-10,28,17,4,3,52,572353,475510,53849,3982,2578770,47536.94520547945
2025-06-11,17,20,6,3,52,284372,828749,16912,4942,3124022,48559.65931372549
2025-06-12,16,11,5,2,60,497077,255528,36705,2353,2973832,49004.898263027295
2025-06-13,7,14,6,4,45,211225,448960,23915,14575,2197216,51531.213367609256
2025-06-14,20,21,3,4,56,511638,943431,7819,8924,2550939,49778.96428571428
2025-06-15,21,21,3,5,74,653121,839372,7763,0,4007382,49960.88413098237
2025-06-16,11,7,2,3,29,362918,228160,7732,4683,1162917,50530.10326086957
2025-06-17,21,12,4,1,49,472610,799136,8310,4538,2332753,50271.4
2025-06-18,22,21,9,3,63,378477,651320,32694,7295,2219969,46396.29787234042
2025-06-19,26,15,3,4,60,522146,412109,13770,8015,3941677,48970.35372340425
2025-06-20,29,13,6,3,54,849433,470574,14922,9390,2460794,48510.21038961039
2025-06-21,21,9,4,5,49,522647,377282,9853,11415,1656722,47042.89417989418
2025-06-22,18,12,4,4,51,457457,509844,2914,12076,2936162,47073.222535211265
2025-06-23,20,18,6,4,44,557430,435687,22708,9451,2222171,48027.697297297294
2025-06-24,17,12,3,1,42,413894,272548,14550,0,1267133,46018.25895316804
2025-06-25,11,9,1,0,42,146496,367383,1851,0,1473448,46661.13157894737
2025-06-26,24,8,3,2,44,576308,390208,15259,7236,2337881,44031.628834355826
2025-06-27,22,12,7,3,51,630616,442429,87330,0,1639505,41897.90092879257
2025-06-28,20,14,9,2,44,311768,406086,24396,0,1980483,43574.7893081761
2025-06-29,23,19,9,7,72,464088,827925,36518,11500,3465006,42435.4778761062
2025-06-30,22,16,12,3,60,392785,577828,59473,6376,2592790,41566.89014084507
2025-07-01,24,17,9,2,48,610671,592882,42007,8039,1775752,42284.94459833795
2025-07-02,15,15,5,3,48,311488,884652,34141,17427,1797959,42477.86376021798
2025-07-03,11,15,4,5,41,288445,653211,14035,25180,2021659,41959.21428571428
2025-07-04,20,14,7,1,66,535610,642633,35788,0,3346527,44802.57519788918
2025-07-05,13,9,5,1,51,283690,311792,43782,0,1789242,43494.650259067355
2025-07-06,16,15,7,2,47,427924,649693,13301,7845,1413450,40823.76454293629
2025-07-07,15,10,7,2,37,271253,384942,30674,0,2279290,42674.19822485207
2025-07-08,19,17,8,3,47,383716,932091,18517,6577,1478452,41918.632047477746
2025-07-09,18,16,4,6,71,243639,791078,25413,12849,3801840,44806.833333333336
2025-07-10,21,15,3,2,58,497772,626106,37514,6328,2937781,45216.39787798408
2025-07-11,11,9,2,3,50,224555,502341,6920,10105,3621565,47982.32686980609
2025-07-12,27,21,1,3,67,560765,481569,6920,1853,4089853,52048.35809018568
2025-07-13,21,16,3,1,54,518450,377364,20486,3987,1805657,52120.932291666664
2025-07-14,24,18,5,5,63,583398,681771,44893,11517,2616893,49639.1243902439
2025-07-15,34,20,5,4,68,890766,709875,15390,10485,3803838,52615.839907192574
2025-07-16,20,30,4,4,74,437080,1291940,7981,4115,3388965,51300.811059907835
2025-07-17,19,21,5,5,58,465253,692784,6619,15150,2602317,50527.85253456221
2025-07-18,24,17,6,1,57,601350,509922,43331,7346,2658816,47542.71882086168
2025-07-19,22,13,5,2,64,716002,361023,23166,7210,3029488,45447.42922374429
2025-07-20,28,18,7,3,80,692999,836263,65809,6702,3917967,47453.19827586207
2025-07-21,17,17,7,3,53,483255,802339,15926,4013,3204741,49793.2422907489
2025-07-22,25,13,10,5,38,657335,649043,27531,19985,1560459,48025.360849056604
2025-07-23,19,24,8,6,68,315333,768750,51292,10116,2737792,47156.88995215311
2025-07-24,20,22,3,4,58,480045,966270,12733,9989,2780090,47582.18421052631
2025-07-25,18,10,4,4,57,350649,609765,15013,9931,2930353,48231.79425837321
2025-07-26,17,9,4,4,59,428129,433622,18327,4110,2488567,47505.978208232445
2025-07-27,17,18,8,6,68,418978,569742,36617,19340,3657144,48277.172069825436
2025-07-28,22,14,8,4,69,519444,407298,32109,7135,2596979,44967.347721822545
2025-07-29,25,12,7,6,66,771843,292798,42594,10111,2836982,45006.53258426966
2025-07-30,20,11,5,7,59,627725,568877,19428,13908,3615903,47949.58256880734
2025-07-31,26,19,8,3,69,583734,718716,25349,4340,3249668,47820.12527964206
2025-08-01,15,5,0,2,48,528788,367970,0,6089,1900730,46451.99315068493
2025-08-02,20,19,5,5,66,555899,659306,27334,6327,4234230,49644.12584269663
2025-08-03,16,21,4,2,53,390138,742934,40219,6071,2919725,49660.969767441864
2025-08-04,9,10,1,3,29,213268,560876,0,12458,1328092,51500.846153846156
2025-08-05,22,12,3,6,45,536033,347858,7594,4257,2584327,53747.086720867206
2025-08-06,14,19,7,5,37,364730,923227,40081,17163,1795994,51909.98847262248
2025-08-07,22,3,9,5,43,689650,82374,36957,6799,2372921,53383.23676012461
2025-08-08,15,13,3,4,51,412145,323104,4137,0,2254429,53980.61111111111
2025-08-09,12,7,4,2,44,323534,232560,17810,4010,2266293,51396.62582781457
2025-08-10,13,9,4,2,32,444088,385918,8980,5342,1905686,51628.97508896797
2025-08-11,17,12,8,2,51,474298,388114,36236,10445,2521965,51820.51155115511
2025-08-12,33,25,9,3,77,959966,867812,64930,0,3227213,48789.5552238806
2025-08-13,14,17,6,2,51,373722,769978,27717,0,2279216,48216.97134670487
2025-08-14,18,17,8,6,56,412692,651984,31208,12187,2816918,47711.93370165746
2025-08-15,13,8,4,2,43,343838,898174,29085,11707,1388712,46344.641242937854
2025-08-16,11,14,3,1,44,361804,1178710,4720,0,1850637,45170.47175141243
2025-08-17,17,11,5,5,45,533455,568166,20458,13467,2665643,45641.1553133515
2025-08-18,21,20,4,3,52,635578,699493,20997,0,2144480,44491.35597826087
2025-08-19,30,16,5,6,60,975163,620876,26000,11507,4316194,49748.717948717946
2025-08-20,16,11,4,4,49,283514,340054,7547,5664,2631654,51043.66189111748
2025-08-21,15,15,3,3,49,515976,710954,12821,10919,2479865,51102.880116959066
2025-08-22,24,14,7,6,83,694018,583815,14323,9873,3195372,50481.26963350785
2025-08-23,24,13,9,4,66,649339,566248,45201,9005,2899090,50327.4702970297
2025-08-24,27,19,6,4,72,457781,808364,32843,5980,3411960,48906.29930394432
2025-08-25,20,13,8,4,43,459313,424555,36686,7672,2086984,49813.078199052135
2025-08-26,18,10,6,2,40,493663,238441,37541,0,1667814,45703.33084577115
2025-08-27,15,18,7,6,47,355578,618216,10808,4827,2929045,46675.325
2025-08-28,15,12,7,6,60,314409,380778,41219,23981,2289529,44963.00243309003
2025-08-29,28,17,9,7,67,756090,701534,46662,17621,3416770,47344.78987341772
2025-08-30,13,13,12,3,64,330029,601618,49565,3471,3905491,50146.54707379135
2025-08-31,16,15,8,5,56,303585,375824,40465,16454,3162921,51614.201591511934
2025-09-01,26,13,4,2,65,812138,516923,7527,0,3235585,51647.00501253133
2025-09-02,21,20,4,3,54,719652,737638,4394,9486,1906566,50474.35108958838
2025-09-03,17,21,8,7,47,259630,859759,32319,18897,2429378,49264.503631961255
2025-09-04,13,11,2,1,32,361936,429521,8817,1487,1136592,49852.73506493506
2025-09-05,27,20,4,1,86,658319,762055,17563,3212,4471592,50119.12128712871
2025-09-06,20,11,8,1,54,498752,405036,90188,2724,3071388,49274.16751269036
2025-09-07,21,19,8,4,65,508724,1426922,87725,11552,3178836,48213.24317617866
2025-09-08,25,18,4,5,61,594697,1138037,13558,11552,2687850,47323.814536340855
2025-09-09,24,18,11,3,51,666110,986354,51137,10168,1990812,47895.07070707071
2025-09-10,20,15,14,5,53,389983,442249,74264,11242,2747988,47972.78109452737
2025-09-11,16,9,11,3,38,463734,392866,36111,4177,1821857,48946.87009803922
2025-09-12,10,7,4,2,43,478935,214481,27901,3385,1208459,45773.12328767123
2025-09-13,19,9,3,2,40,606940,477446,13172,599,1671420,43610.31908831909
2025-09-14,8,8,5,3,35,187245,236069,21573,7828,1339968,41957.48909657321
2025-09-15,12,11,7,3,37,208172,240679,37685,2880,911409,39366.71043771044
2025-09-16,17,6,1,4,48,501265,198266,0,2790,1699926,38779.00340136055
2025-09-17,31,14,3,9,71,632939,327551,1472,21319,3174206,37907.83653846154
2025-09-18,17,16,4,8,61,358187,503281,18276,28536,2932554,38620.7223880597
2025-09-19,14,10,4,3,36,391460,466501,10951,0,1852708,41409.118902439026
2025-09-20,9,12,1,0,55,344738,444392,3212,0,2166435,41041.41690962099
2025-09-21,11,12,2,1,54,239869,335084,7186,4504,1683122,39835.24861878453
2025-09-22,4,12,6,2,30,75440,215794,47748,6404,1067634,41060.80281690141
2025-09-23,20,13,6,5,63,626551,335335,39256,15703,3058164,43067.08918918919
2025-09-24,18,16,6,6,60,492455,672516,12570,21392,2236283,41774.09470752089
2025-09-25,24,14,5,2,30,574384,513826,15423,5501,1745296,42102.56707317073
2025-09-26,8,22,5,1,30,158051,777849,10554,0,936954,40043.13043478261
2025-09-27,14,15,7,0,49,495408,518060,35244,0,2749108,42647.34493670886
2025-09-28,20,12,7,2,69,511758,456895,25517,12663,3983107,47663.28096676737
2025-09-29,14,14,6,7,56,381949,435069,15565,22582,1705959,45980.03081232493
2025-09-30,26,14,10,7,72,704929,558974,38605,11589,3249270,45371.5218579235
2025-10-01,20,15,8,3,69,371543,450222,27790,5664,3340995,47228.504
2025-10-02,24,15,3,6,74,604570,481569,11443,17490,4499513,48842.257756563245
2025-10-03,29,22,3,6,76,855549,702095,10722,12171,3787354,50140.443010752686
2025-10-04,28,20,7,4,90,579643,616259,8843,12674,2487738,45561.13833992095
2025-10-05,24,21,8,5,77,613509,732612,29750,6454,3713327,44327.151750972764
2025-10-06,18,18,3,2,34,548574,1110497,20189,4554,2137777,47186.939024390245
2025-10-07,10,2,1,3,19,244959,71715,0,0,811976,47331.84510250569
2025-10-08,12,9,4,4,29,174479,306560,32343,6503,1074042,46395.30576441103
2025-10-09,10,11,2,1,32,277708,291059,17039,1910,1793483,44273.66106442577
2025-10-10,13,12,7,2,29,503134,266685,33981,0,981963,41936.47096774194
2025-10-11,10,9,4,3,25,350462,277983,72239,0,933019,46716.68163265306
2025-10-12,12,13,8,2,32,415277,804869,30003,8992,964918,43485.89
2025-10-13,15,14,10,5,43,383252,748437,58711,13537,1699831,39517.85645933014
2025-10-14,28,23,6,4,75,861544,1035000,33583,6367,4942766,46754.8
2025-10-15,10,8,3,1,39,222547,303073,14608,0,1908487,48088.97090909091
2025-10-16,12,10,3,0,26,294300,643868,13619,0,1289034,47286.312267657995
2025-10-17,14,18,6,1,28,301106,907107,24386,0,1337493,48789.35820895522
2025-10-18,13,13,6,2,51,458760,736883,14126,12669,1777863,47348.272108843536
2025-10-19,15,11,2,2,41,550419,635778,1754,0,2085315,49639.56765676568
2025-10-20,7,14,3,6,36,281441,773859,29917,30755,1738882,50945.40540540541
2025-10-21,18,12,3,2,45,410776,375364,19777,4050,1666895,44375.82330827068
2025-10-22,15,13,5,8,58,187039,299138,8246,13599,3167612,45835.41754385965
2025-10-23,17,14,3,4,55,488805,459074,6900,11289,2645992,45923.732484076434
2025-10-24,19,22,4,2,71,685575,1217688,15839,8549,2434384,43464.82633053221
2025-10-25,18,18,6,3,68,512685,828787,29778,4776,3622719,46421.922459893045
2025-10-26,20,12,5,2,41,581822,421291,33076,0,2548983,47661.67647058824
2025-10-27,17,11,4,6,51,410780,459910,11089,2465,2442008,47631.34447300771
2025-10-28,31,21,3,3,71,815501,670390,11675,7997,2979192,47809.3734939759
2025-10-29,17,16,7,2,58,440437,396163,23349,6000,2449676,46079.40722891566
2025-10-30,15,14,7,7,42,447098,657061,32483,10416,2134991,46298.39054726368
2025-10-31,19,16,6,2,56,483758,422157,56605,2135,4082819,52352.42377260982
2025-11-01,17,13,2,1,55,440687,554284,12366,2342,2064402,50005.53743315508
2025-11-02,15,9,3,3,43,381823,431629,12347,0,1929112,48090.95744680851
2025-11-03,4,7,4,0,15,122228,260916,14556,0,438854,47291.31176470588
2025-11-04,9,8,2,2,38,245157,241496,17860,3706,1404930,47246.85342019544
2025-11-05,11,8,2,2,36,207934,238762,18705,0,2510242,51106.491228070176
2025-11-06,16,13,7,2,49,292623,447564,37226,6702,2218214,50166.34589041096
2025-11-07,16,19,6,3,50,390297,683720,24412,6702,3135684,47907.12587412587
2025-11-08,20,25,2,4,72,430969,621722,16823,7346,3915654,51329.0099009901
2025-11-09,13,10,3,4,56,279510,388871,33181,7346,3482241,54132.33860759494
2025-11-10,10,14,2,3,44,281569,781627,24274,7534,2061760,54286.159420289856
2025-11-11,20,12,5,2,60,319594,386563,19092,5780,2256665,53352.75204359673
2025-11-12,13,11,5,2,40,260408,313641,17795,847,1473268,49982.44204851752
2025-11-13,12,17,6,1,42,407665,651112,16676,0,2082408,50570.54945054945
2025-11-14,10,12,5,8,50,280415,520402,7796,9901,3242326,50863.52197802198
2025-11-15,14,15,3,3,45,376854,786679,7556,8398,2803891,51639.640949554894
2025-11-16,12,13,5,2,24,478207,505542,32366,0,962361,48795.66885245901
2025-11-17,9,7,3,1,33,234979,304825,27008,0,1353855,48213.51700680272
2025-11-18,8,7,3,4,31,208591,346091,16289,7176,1821907,51849.11698113207
2025-11-19,12,13,1,4,48,236638,564972,10550,19046,2280048,53284.96703296703
2025-11-20,13,7,2,3,55,358200,372826,724,9139,2706942,53046.60839160839
2025-11-21,9,8,1,1,39,316688,205947,1208,0,1675995,49472.72363636363
2025-11-22,10,13,3,2,36,189353,362121,12966,3491,1357911,45710.5977443609
2025-11-23,13,12,5,4,33,335619,272948,10987,6784,1141843,44867.27636363637
2025-11-24,14,8,3,4,30,385452,384182,3709,6534,1243561,44956.643382352944
2025-11-25,13,14,4,3,41,322129,656974,5569,2177,1704153,42944.86879432624
2025-11-26,7,12,6,3,34,198312,484289,34689,4634,1521052,42356.182835820895
2025-11-27,8,10,4,0,35,210980,357328,14371,0,2125050,43425.665322580644
2025-11-28,8,15,2,2,30,137217,547784,23884,7775,1443139,44086.648535564855
2025-11-29,14,8,2,1,29,301029,419280,8176,0,1142364,44487.76724137931
2025-11-30,9,8,8,1,39,200499,216878,51435,0,2787210,50279.533613445376
2025-12-01,8,16,10,0,40,206178,796480,63795,0,3349927,56745.54435483871
2025-12-02,13,16,3,2,34,488547,395818,15066,2375,1412492,57183.54356846473
2025-12-03,11,9,4,4,31,411452,480060,24346,12457,1587414,58183.17647058824
2025-12-04,10,5,2,0,35,537970,337538,12474,0,2109436,58117.57142857143
2025-12-05,2,15,2,0,36,2927,357316,21527,0,1300447,56103.647540983606
2025-12-06,13,16,1,4,46,324777,364876,16876,11389,1955064,55563.180076628356
2025-12-07,9,11,2,1,34,226237,700927,6856,3699,1517508,51688.625
2025-12-08,13,17,2,5,39,455810,859305,14695,9120,1325305,43951.63137254902
2025-12-09,14,19,6,3,55,481290,590279,19148,7925,1900812,42376.760869565216
2025-12-10,6,10,7,1,35,311773,615929,36141,0,1052150,39859.72142857143
2025-12-11,8,11,6,2,36,216425,239978,14436,0,2032889,39445.462633451956
2025-12-12,6,10,4,2,29,66323,305438,14078,0,1488358,41139.0
2025-12-13,9,6,4,2,32,314970,125178,58614,0,1809445,42794.10384615385
2025-12-14,8,5,3,0,42,302440,264303,9793,0,2544154,45347.43656716418
2025-12-15,13,13,3,4,23,317274,748229,13025,10975,1423276,48615.4126984127
2025-12-16,12,10,3,1,38,412910,475798,14749,7573,2001520,52560.8170212766
2025-12-17,4,5,4,1,32,65124,234002,5528,0,1315910,54377.379310344826
2025-12-18,11,11,4,1,41,516840,449986,8477,6492,2204155,53952.81856540084
2025-12-19,9,7,1,0,23,444380,192134,0,0,1169346,53973.18614718615
2025-12-20,11,15,4,2,25,387795,838075,18318,7645,1169573,52803.27678571428
2025-12-21,13,14,0,1,36,412109,842724,0,0,1018482,47258.08256880734
2025-12-22,4,9,5,2,27,137952,347733,29863,3150,858100,43860.747747747744
2025-12-23,10,7,1,2,13,324805,278583,13937,9878,1113473,44918.97969543147
2025-12-24,14,19,5,1,34,498086,904304,29917,3621,1099189,43378.4824120603
2025-12-25,9,18,5,4,26,314592,817547,13111,9853,1149095,41180.75
2025-12-26,10,10,5,0,37,227796,443654,16473,0,2503352,45006.38383838384
2025-12-27,10,11,8,2,45,352607,398470,24564,5411,2021134,44783.60091743119
2025-12-28,5,13,5,2,23,90825,272112,20679,0,1598548,50453.126829268294
2025-12-29,13,5,6,3,34,619894,157325,23471,20747,802818,48526.45754716981
2025-12-30,16,12,7,3,42,474022,555861,24669,10383,1766483,45396.75933609958
2025-12-31,13,11,4,5,52,256387,236972,9256,10880,2166981,46364.521235521235
2026-01-01,24,7,4,4,39,803554,249490,36101,3992,2297725,48371.47426470588
2026-01-02,9,16,4,2,27,294324,659538,40393,0,1562902,46628.20992366412
2026-01-03,13,7,2,2,28,517085,746083,5384,0,1011537,45742.832653061225
2026-01-04,10,16,3,4,28,350208,835878,1819,20261,1414835,44093.124
2026-01-05,13,11,8,0,34,430830,339390,20820,0,1948403,48675.464
2026-01-06,15,5,8,4,38,357813,276037,54866,15133,995188,46331.58943089431
2026-01-07,13,14,5,3,53,318252,458220,32835,7824,2045098,45650.55870445344
2026-01-08,12,12,3,3,45,575348,484342,18437,9895,2536474,45511.608695652176
2026-01-09,12,16,6,5,50,403903,560676,17773,8308,3108586,47319.27898550725
2026-01-10,14,16,8,5,40,441598,435668,34334,1341,1412671,46740.46875
2026-01-11,22,12,5,5,39,794142,364904,13875,4889,2105864,47332.053511705686
2026-01-12,11,9,4,4,39,420849,307108,11450,8664,1716419,45790.46052631579
2026-01-13,14,13,8,3,34,498090,323308,16593,9024,1143290,46894.67333333333
2026-01-14,7,14,8,4,40,183490,476341,26295,19159,1636097,47593.73170731707
2026-01-15,15,13,5,3,42,622655,438112,35616,15048,2127519,46656.5
2026-01-16,10,10,3,5,39,365359,547466,14885,14604,1559037,42860.42857142857
2026-01-17,6,10,4,1,27,252884,633820,7718,0,1213332,44236.76153846154
2026-01-18,13,12,8,4,25,526021,415389,42349,7527,1341986,43649.10569105691
2026-01-19,11,14,8,2,33,299368,1260749,60632,873,926797,41450.24166666667
2026-01-20,13,13,2,6,37,411799,1309072,16465,12539,1300282,41584.567901234564
2026-01-21,19,11,3,2,34,523740,536358,17369,6676,2520181,46367.65400843882
2026-01-22,7,16,5,4,41,239367,713838,43480,4013,1481859,43828.279661016946
2026-01-23,10,13,9,1,35,455080,494392,46279,4013,1357386,43714.754310344826
2026-01-24,11,12,5,4,24,311590,294766,29379,10976,907050,42949.96069868996
2026-01-25,11,9,7,3,48,269145,401633,43189,10976,2790838,44779.3373015873
2026-01-26,9,9,8,3,28,234307,476959,19705,2105,1566326,48274.98785425101
2026-01-27,21,7,6,3,35,577847,38852,19194,7622,1556260,49713.87755102041
2026-01-28,14,10,6,2,46,455964,286111,16631,8606,1791378,44556.79766536965
2026-01-29,15,11,8,3,51,463964,329411,35138,16863,2309923,45989.3670411985
2026-01-30,13,13,6,4,48,374149,528097,19777,0,1987117,46103.18571428571
2026-01-31,11,20,8,2,49,259422,1298848,47657,3793,2228666,46657.40327868852
2026-02-01,13,16,6,5,28,291445,544297,46985,8475,1153914,44188.01403508772
2026-02-02,11,8,6,4,48,405544,392145,27442,4411,2822308,45408.4131147541
2026-02-03,15,11,10,2,45,422184,493971,67443,2609,1790511,44710.53015873016
2026-02-04,11,11,7,1,21,236269,393156,27710,5042,983924,45780.56206896552
2026-02-05,15,17,6,2,36,644868,435593,20448,7838,1814047,46474.498181818184
2026-02-06,8,15,3,3,45,168876,626914,16149,12239,2124033,47490.45220588235
2026-02-07,7,15,2,1,46,152456,311115,7212,4621,2487346,48981.72118959108
2026-02-08,13,12,6,1,39,328845,360052,33334,4671,1188475,47180.87142857143
2026-02-09,4,14,3,3,38,140093,667550,9627,7593,1002564,42188.51851851852
2026-02-10,12,13,4,2,49,416488,667491,5682,1865,2942094,45775.48540145985
2026-02-11,12,17,7,2,54,326992,400537,32402,1254,1454258,42387.02605863192
2026-02-12,12,22,8,2,35,369880,740164,45278,3206,1818114,42538.836601307186
2026-02-13,23,23,5,5,65,777614,865113,4843,0,2783046,41950.60429447853
2026-02-14,22,23,6,3,69,731927,921727,14027,3793,3561811,42264.64756446992
2026-02-15,13,20,6,2,46,655945,783273,34375,4388,1642361,42708.56179775281
2026-02-16,8,7,6,2,39,178290,202131,37536,9009,1584410,44218.750700280114
2026-02-17,17,14,4,6,43,536981,732264,13122,7476,2491565,43691.068376068375
2026-02-18,18,19,7,4,50,401810,858315,25067,3852,2791648,48048.86167146974
2026-02-19,25,24,8,3,75,715816,1141066,38860,6223,4257843,49386.780361757104
2026-02-20,21,16,6,2,66,508209,754686,38947,0,3074888,50011.66494845361
2026-02-21,14,21,2,4,67,258469,525782,18090,5308,2599939,47778.896373056996
2026-02-22,33,23,7,6,83,825594,945604,36385,11946,3879234,48887.7706855792
2026-02-23,11,18,6,7,73,226589,643636,20272,15589,2948390,48235.245076586434
2026-02-24,12,12,2,6,32,452247,425157,3779,13867,1669159,47580.94394618834
2026-02-25,31,20,7,5,66,784889,720978,43855,0,4461976,49548.54761904762
2026-02-26,21,15,13,3,55,470510,583498,65259,0,1415483,45359.88461538462
2026-02-27,8,15,6,1,35,260760,468908,13932,0,914016,43523.59367396594
2026-02-28,7,12,2,1,35,154123,300921,16038,3493,2543517,47049.5382585752
2026-03-01,3,8,3,0,10,64346,325592,13807,0,446614,47056.06209150327
2026-03-02,0,4,0,0,2,0,61822,0,0,6701,48755.174468085104
2026-03-03,1,2,0,0,2,0,96964,0,0,6701,47780.526829268296
2026-03-04,0,2,0,0,0,0,44916,0,0,0,38367.13669064748
2026-03-05,0,2,1,0,1,0,69298,5901,0,0,46088.81176470588
2026-03-06,0,2,0,0,0,0,102287,0,0,0,60070.66
2026-03-07,0,3,1,0,0,0,153583,0,0,0,30667.733333333334
2026-03-08,1,1,0,0,0,0,51168,0,0,0,2680.4
2026-03-09,0,0,1,0,0,0,0,1599,0,0,2233.6666666666665
2026-03-10,0,1,0,0,1,0,0,0,0,42122,21061.0
2026-03-11,1,1,0,0,1,0,43477,0,0,51338,31153.333333333332
2026-03-12,1,0,0,0,0,0,0,0,0,0,46730.0
2026-03-13,0,0,0,0,0,0,0,0,0,0,46730.0
2026-03-14,0,0,0,0,0,0,0,0,0,0,46730.0
2026-03-15,2,3,0,0,2,24093,0,0,0,339183,108160.75
2026-03-16,2,3,0,0,0,24093,0,0,0,0,108160.75
2026-03-17,2,0,1,0,1,24093,0,449,0,47804,109581.25
2026-03-18,1,0,0,0,0,16819,0,0,0,0,128995.66666666667
2026-03-19,1,1,0,0,0,16819,0,0,0,0,128995.66666666667
2026-03-20,1,2,0,0,2,16819,74945,0,0,118692,101135.8
2026-03-21,0,2,0,0,0,0,50822,0,0,0,101135.8
2026-03-22,0,4,0,0,0,0,82211,0,0,0,55498.666666666664
2026-03-23,0,4,0,0,2,0,120046,0,0,48834,43066.0
2026-03-24,0,2,1,0,1,0,0,12988,0,0,33505.2
2026-03-25,0,2,1,0,1,0,0,12988,0,0,27921.0
2026-03-26,0,6,1,0,0,0,73148,12988,0,0,27921.0
2026-03-27,0,4,1,0,0,0,68784,12988,0,0,12208.5
2026-03-28,0,7,1,0,1,0,163730,12988,0,5464,10859.6
2026-03-29,0,2,3,0,2,0,117202,17438,0,5464,8537.42857142857
2026-03-30,2,0,3,0,5,107592,0,17438,0,4062,1499.0
2026-03-31,1,1,4,0,5,6722,0,24140,0,74905,6421.071428571428
2026-04-01,0,5,3,0,3,0,129675,17610,0,74905,10300.0
2026-04-02,0,2,3,0,1,0,90660,17610,0,0,9694.117647058823
2026-04-03,0,1,3,0,5,0,50383,17610,0,97195,11908.863636363636
2026-04-04,1,6,2,0,4,25200,71283,15269,0,38238,11790.76
2026-04-05,1,3,2,0,5,25200,81521,15269,0,264106,19764.678571428572
2026-04-06,2,4,2,0,1,28705,155084,12988,0,0,22889.541666666668
2026-04-07,1,2,1,0,3,3504,95262,12988,0,69890,24742.454545454544
2026-04-08,0,4,1,0,1,0,86638,12988,0,141855,30564.2
2026-04-09,0,2,1,0,5,0,51274,12988,0,164591,32328.125
2026-04-10,0,3,1,0,1,0,0,12988,0,21001,34984.05
2026-04-11,1,3,1,0,4,70087,44690,12988,0,287665,47455.4
2026-04-12,2,8,1,0,4,90024,154589,12988,0,33937,37838.89473684211
2026-04-13,2,1,2,0,4,102161,0,12988,0,36638,34344.40909090909
2026-04-14,2,2,0,0,5,122240,31086,0,0,79555,31885.083333333332
2026-04-15,3,3,0,0,7,144975,314972,0,0,54951,22611.266666666666
2026-04-16,1,5,0,0,5,3441,0,0,0,129222,21432.3
2026-04-17,2,6,0,0,10,95556,0,0,0,147901,19740.23076923077
2026-04-18,4,4,0,0,14,127378,184207,0,0,586984,21820.163265306124
2026-04-19,1,0,1,0,5,24546,0,4793,0,149988,23704.78
2026-04-20,2,0,1,0,5,44248,0,4793,0,145835,25381.098039215685
2026-04-21,1,0,0,0,3,20333,0,0,0,109256,27023.20408163265
2026-04-22,2,1,0,0,4,72964,47075,0,0,67426,29056.782608695652
2026-04-23,0,1,0,0,2,0,33377,0,0,67426,29646.883720930233
2026-04-24,0,2,3,0,3,0,92168,901,0,67426,33176.13888888889
2026-04-25,0,1,3,0,2,0,53679,901,0,77025,28515.916666666668
2026-04-26,0,0,1,0,2,0,0,11122,0,34143,27073.190476190477
2026-04-27,0,0,0,0,0,0,0,0,0,0,26418.875
2026-04-28,0,1,2,0,2,0,46585,13090,0,323392,42455.86666666667
2026-04-29,0,1,1,0,3,0,314972,591,0,11036,41460.57142857143
2026-04-30,1,2,0,0,4,0,62843,0,0,64253,36079.6875
2026-05-01,1,3,2,0,4,0,95476,692,0,83813,34921.294117647056
2026-05-02,0,3,2,0,5,0,62843,6529,0,93041,30483.9
2026-05-03,0,3,2,0,1,0,120547,7250,0,0,30291.315789473683
2026-05-04,1,2,1,0,0,12784,7033,899,0,0,30291.315789473683
2026-05-05,0,1,0,0,0,0,5650,0,0,0,14831.941176470587
2026-05-06,0,2,0,0,0,0,7033,0,0,0,17221.928571428572
2026-05-07,0,3,0,0,1,0,36932,0,0,0,16077.636363636364
2026-05-08,0,3,0,0,1,0,133007,0,0,38238,16409.875
2026-05-09,0,3,0,0,2,0,133007,0,0,136764,35000.4
2026-05-10,1,5,0,0,3,7273,263931,0,0,357615,76088.14285714286
2026-05-11,0,5,0,0,4,0,159388,0,0,88456,56461.181818181816
2026-05-12,0,3,1,1,1,0,133007,344,0,0,51756.083333333336
2026-05-13,0,3,2,1,2,0,133007,1425,0,349804,69348.35714285714
2026-05-14,1,3,1,0,4,16699,133007,675,0,42976,59638.41176470588
2026-05-15,0,2,1,0,2,0,133007,10961,0,5341,54497.555555555555
2026-05-16,0,5,3,0,2,0,210940,12433,0,41921,49228.5
2026-05-17,0,2,1,0,2,0,136923,10961,0,13968,31909.764705882353
2026-05-18,1,2,2,0,1,1990,136923,692,0,13968,33427.0
2026-05-19,1,2,1,0,3,38979,136923,0,0,570517,64905.9375
2026-05-20,2,5,1,0,5,23766,272506,0,0,588209,67205.26315789473
2026-05-21,1,3,2,0,2,19702,167598,721,0,42682,75094.4705882353
2026-05-22,0,5,1,0,0,0,188197,0,0,0,84751.0
2026-05-23,0,5,2,0,1,0,186248,324,0,284471,108129.64285714286
2026-05-24,0,6,1,0,2,0,217818,0,0,6839,107620.42857142857
2026-05-25,1,4,2,0,0,16699,136923,749,0,0,114824.46153846153
2026-05-26,0,4,1,0,2,0,136923,0,0,0,76850.08333333333
2026-05-27,0,3,1,0,2,0,136923,0,0,106096,48898.666666666664
2026-05-28,0,3,1,0,0,0,201462,692,0,0,56772.28571428572
2026-05-29,0,2,1,1,0,0,136923,692,6056,0,56772.28571428572
2026-05-30,0,3,1,0,1,0,97080,0,0,0,16133.57142857143
2026-05-31,0,2,1,0,0,0,44505,329,0,0,21219.2
2026-06-01,0,1,0,0,2,0,52053,0,0,38238,20619.14285714286
2026-06-02,0,1,0,1,4,0,32472,0,6245,37590,20213.777777777777
2026-06-03,0,4,2,1,4,0,134412,1186,6245,12593,8038.272727272727
2026-06-04,0,1,3,0,2,0,0,1047,0,8271,7437.846153846154
2026-06-05,0,1,2,0,0,0,0,1047,0,0,7437.846153846154
2026-06-06,0,3,0,0,0,0,93370,0,0,0,8057.666666666667
2026-06-07,1,1,0,0,1,12784,40897,0,0,0,7437.846153846154
2026-06-08,2,1,3,0,2,41108,0,13545,0,50124,8352.153846153846
2026-06-09,0,2,2,0,2,0,61289,11821,0,48671,10878.09090909091
2026-06-10,0,2,3,0,1,0,0,13825,0,5341,14050.875
2026-06-11,0,3,2,0,2,0,69303,11637,0,11142,14409.75
2026-06-12,0,3,3,0,1,0,69303,12761,0,11375,14072.555555555555
2026-06-13,0,4,0,0,0,0,95684,0,0,0,14072.555555555555
2026-06-14,0,6,0,0,0,0,218720,0,0,0,15831.625
2026-06-15,0,7,3,0,1,0,277770,1089,0,0,10932.714285714286
2026-06-16,3,5,2,0,2,54681,169396,2864,0,35583,9063.0
2026-06-17,3,8,3,0,1,54288,213670,15405,0,4593,8956.142857142857
2026-06-18,2,8,1,0,11,37120,419564,10961,0,459872,31963.9375
2026-06-19,2,3,3,0,5,48415,156925,12352,0,889755,69490.15
2026-06-20,2,7,5,0,12,51891,326151,49364,0,543037,60401.25
2026-06-21,1,3,3,0,1,0,136938,16931,0,65755,60563.48484848485
2026-06-22,0,4,1,0,9,0,145002,0,0,618208,63824.46341463415
2026-06-23,2,5,3,0,5,47232,171205,3699,0,839231,77737.52272727272
2026-06-24,7,20,2,1,21,106266,655050,1510,0,1546046,77529.75
2026-06-25,9,14,4,0,23,95536,580212,12968,0,1383947,77447.09210526316
2026-06-26,3,10,5,0,19,49173,363800,31118,0,708895,63390.21111111111
2026-06-27,5,7,6,0,9,165948,272380,56790,0,552718,65687.35632183908
2026-06-28,4,2,3,0,11,144356,119531,21719,0,448071,62856.865979381444
2026-06-29,6,9,3,0,13,106871,365934,27949,0,1131108,65445.70297029703
2026-06-30,2,10,3,0,6,54426,437079,22595,0,264380,59168.28431372549
2026-07-01,5,8,4,0,23,72556,248849,12346,0,1720088,59703.91346153846
2026-07-02,6,7,3,0,18,82846,298898,1667,0,565406,54451.17171717172
2026-07-03,2,6,2,0,21,31541,296800,1863,0,1127426,57516.80198019802
2026-07-04,4,4,3,0,11,86174,119464,2208,0,360954,54538.18446601942
2026-07-05,4,5,1,0,16,86174,110578,749,0,782230,55107.333333333336
2026-07-06,4,5,3,2,14,88876,154293,1442,0,2066636,63184.5871559633
2026-07-07,2,8,2,4,12,26554,161561,13019,0,1210489,68115.0347826087
2026-07-08,2,5,3,0,5,22949,137700,21083,0,286101,65971.56701030929
2026-07-09,2,2,3,0,4,6463,100711,14556,0,45539,70835.84337349398
2026-07-10,1,2,2,0,4,41253,70472,3594,0,56979,72862.54545454546
2026-07-11,2,3,1,0,4,39024,109979,569,0,167273,78224.52542372882
2026-07-12,2,0,3,0,1,39024,0,1561,0,58739,88449.0
2026-07-13,3,1,3,0,2,60471,0,1316,0,42247,58355.21875
2026-07-14,3,2,1,0,5,98940,50940,107,0,45089,28078.68
2026-07-15,3,3,1,0,5,99629,191547,749,0,42685,18342.04
2026-07-16,4,2,1,0,2,105953,66636,749,0,0,17957.043478260868
2026-07-17,2,3,2,0,3,63665,99109,16902,0,1231,16239.272727272728
2026-07-18,3,5,2,0,6,77746,253608,16902,0,76153,11089.333333333334
2026-07-19,3,2,1,0,4,74735,66636,749,0,39216,9134.111111111111
2026-07-20,3,3,0,0,3,60811,66636,0,0,0,7299.071428571428
2026-07-21,3,3,3,0,3,60811,93017,3282,0,43064,7782.653846153846
2026-07-22,2,3,3,0,3,32351,60702,3282,0,0,6652.666666666667
2026-07-23,2,3,2,1,2,32351,26381,2168,341,0,6652.666666666667
